-- phpMyAdmin SQL Dump
-- version 4.6.4
-- https://www.phpmyadmin.net/
--
-- Client :  localhost:8889
-- Généré le :  Ven 19 Janvier 2018 à 18:23
-- Version du serveur :  5.6.28
-- Version de PHP :  7.0.10

SET SQL_MODE = "NO_AUTO_VALUE_ON_ZERO";
SET time_zone = "+00:00";

--
-- Base de données :  `Broker`
--

-- --------------------------------------------------------

--
-- Structure de la table `Broker`
--

CREATE TABLE `Broker` (
  `BID` varchar(10) NOT NULL
) ENGINE=InnoDB DEFAULT CHARSET=utf8;

--
-- Contenu de la table `Broker`
--

INSERT INTO `Broker` (`BID`) VALUES
('B1');

-- --------------------------------------------------------

--
-- Structure de la table `Clust`
--

CREATE TABLE `Clust` (
  `ClustID` varchar(10) NOT NULL,
  `PrID` varchar(10) NOT NULL
) ENGINE=InnoDB DEFAULT CHARSET=utf8;

--
-- Contenu de la table `Clust`
--

INSERT INTO `Clust` (`ClustID`, `PrID`) VALUES
('1', '1'),
('2', '1'),
('3', '1'),
('4', '1'),
('5', '2'),
('6', '2'),
('7', '2'),
('AmzZone1', 'Amz'),
('AmzZone2', 'Amz'),
('OSZone1', 'OpenStack'),
('OSZone2', 'OpenStack'),
('OSZone3', 'OpenStack'),
('OSZone4', 'OpenStack'),
('P1Zone1', 'P1'),
('P1Zone2', 'P1'),
('P2Zone1', 'P2'),
('P2Zone2', 'P2'),
('P2Zone3', 'P2'),
('P3Zone1', 'P3'),
('P3Zone2', 'P3'),
('P3Zone3', 'P3'),
('P3Zone4', 'P3'),
('P3Zone5', 'P3'),
('P4Zon1', 'P4'),
('P4Zone2', 'P4'),
('P4Zone3', 'P4'),
('P4Zone4', 'P4'),
('P4Zone5', 'P4'),
('P4Zone6', 'P4'),
('P4Zone7', 'P4'),
('P5Zone1', 'P5'),
('P5Zone10', 'P5'),
('P5Zone2', 'P5'),
('P5Zone3', 'P5'),
('P5Zone4', 'P5'),
('P5Zone5', 'P5'),
('P5Zone6', 'P5'),
('P5Zone7', 'P5'),
('P5Zone8', 'P5'),
('P5Zone9', 'P5'),
('P6Zone1', 'P6'),
('P6Zone10', 'P6'),
('P6Zone2', 'P6'),
('P6Zone3', 'P6'),
('P6Zone4', 'P6'),
('P6Zone5', 'P6'),
('P6Zone6', 'P6'),
('P6Zone7', 'P6'),
('P6Zone8', 'P6'),
('P6Zone9', 'P6'),
('SfrZone1', 'Sfr'),
('SfrZone2', 'Sfr'),
('SfrZone3', 'Sfr');

-- --------------------------------------------------------

--
-- Structure de la table `Collaboration`
--

CREATE TABLE `Collaboration` (
  `TID` int(11) NOT NULL,
  `Vmi` varchar(10) NOT NULL,
  `Vmj` varchar(10) NOT NULL
) ENGINE=InnoDB DEFAULT CHARSET=utf8;

--
-- Contenu de la table `Collaboration`
--

INSERT INTO `Collaboration` (`TID`, `Vmi`, `Vmj`) VALUES
(1, '1_4', '1_5'),
(2, '1_5', '1_4'),
(3, '1_4', '1_2'),
(4, '1_2', '1_4'),
(5, '1_6', '1_5'),
(6, '1_5', '1_6'),
(7, '2_4', '2_5'),
(8, '2_5', '2_4'),
(81, '3_1', '3_3'),
(82, '3_3', '3_1'),
(127, 'VmC1-9', 'VmC1-8'),
(129, 'VmC1-3', 'VmC1-2'),
(131, 'VmC1-8', 'VmC1-9'),
(132, 'VmC1-2', 'VmC1-3'),
(133, 'VmC2-22', 'VmC2-23'),
(134, 'VmC2-63', 'VmC2-53'),
(135, 'VmC2-36', 'VmC2-35'),
(136, 'VmC2-23', 'VmC2-22'),
(138, 'VmC2-53', 'VmC2-63'),
(139, 'VmC2-35', 'VmC2-36'),
(140, 'VmC3-20', 'VmC3-30'),
(141, 'VmC3-3', 'VmC3-13'),
(142, 'VmC3-13', 'VmC3-3'),
(143, 'VmC3-10', 'VmC3-1'),
(144, 'VmC3-30', 'VmC3-20'),
(145, 'VmC3-1', 'VmC3-10'),
(146, 'VmC3-12', 'VmC3-5'),
(147, 'VmC3-5', 'VmC3-12'),
(148, 'Vmtest3', 'Vmtest4'),
(149, 'Vmtest4', 'Vmtest3'),
(150, 'VmC4-20', 'VmC4-2'),
(151, 'VmC4-4', 'VmC4-40'),
(152, 'VmC4-2', 'VmC4-20'),
(153, 'VmC4-40', 'VmC4-4'),
(154, 'VmC4-60', 'VmC4-6'),
(155, 'VmC4-6', 'VmC4-60');

-- --------------------------------------------------------

--
-- Structure de la table `Concurrence`
--

CREATE TABLE `Concurrence` (
  `TID` int(11) NOT NULL,
  `Vmi` varchar(10) NOT NULL,
  `Vmj` varchar(10) NOT NULL
) ENGINE=InnoDB DEFAULT CHARSET=utf8;

--
-- Contenu de la table `Concurrence`
--

INSERT INTO `Concurrence` (`TID`, `Vmi`, `Vmj`) VALUES
(1, '1_2', '1_7'),
(2, '1_7', '1_2'),
(3, '2_2', '2_5'),
(4, '2_5', '2_2'),
(38, 'VmC1-5', 'VmC1-7'),
(40, 'VmC1-7', 'VmC1-5'),
(41, 'VmC2-65', 'VmC2-44'),
(42, 'VmC2-33', 'VmC2-11'),
(43, 'VmC2-75', 'VmC2-7'),
(44, 'VmC2-1', 'VmC2-14'),
(45, 'VmC2-11', 'VmC2-33'),
(46, 'VmC2-14', 'VmC2-1'),
(47, 'VmC2-7', 'VmC2-75'),
(48, 'VmC2-44', 'VmC2-65'),
(49, 'VmC3-7', 'VmC3-27'),
(50, 'VmC3-24', 'VmC3-4'),
(51, 'VmC3-27', 'VmC3-7'),
(52, 'VmC3-4', 'VmC3-24'),
(53, 'VmC4-35', 'VmC4-53'),
(54, 'VmC4-53', 'VmC4-35'),
(55, 'VmC4-99', 'VmC4-33'),
(56, 'VmC4-33', 'VmC4-99');

-- --------------------------------------------------------

--
-- Structure de la table `CRConflict`
--

CREATE TABLE `CRConflict` (
  `ConfID` int(11) NOT NULL,
  `Ci` varchar(10) NOT NULL,
  `Cj` varchar(10) NOT NULL
) ENGINE=InnoDB DEFAULT CHARSET=utf8;

--
-- Contenu de la table `CRConflict`
--

INSERT INTO `CRConflict` (`ConfID`, `Ci`, `Cj`) VALUES
(1, '1', '3'),
(2, '3', '1'),
(9, 'SfrZone2', 'OSZone1'),
(10, 'OSZone1', 'SfrZone2'),
(11, 'P2Zone2', 'P2Zone3'),
(12, 'P2Zone3', 'P2Zone2'),
(13, 'P3Zone5', 'P3Zone2'),
(14, 'P3Zone2', 'P3Zone5'),
(15, 'P1Zone1', 'P3Zone1');

-- --------------------------------------------------------

--
-- Structure de la table `CRGuard`
--

CREATE TABLE `CRGuard` (
  `GID` int(11) NOT NULL,
  `Ci` varchar(10) NOT NULL,
  `Cj` varchar(10) NOT NULL
) ENGINE=InnoDB DEFAULT CHARSET=utf8;

--
-- Contenu de la table `CRGuard`
--

INSERT INTO `CRGuard` (`GID`, `Ci`, `Cj`) VALUES
(3, '4', '2'),
(4, '2', '4'),
(5, '2', '4'),
(6, '4', '2'),
(15, 'SfrZone1', 'SfrZone2'),
(16, 'SfrZone3', 'SfrZone2'),
(17, 'SfrZone2', 'SfrZone1'),
(18, 'SfrZone2', 'SfrZone3'),
(19, 'OSZone2', 'OSZone1'),
(20, 'OSZone1', 'OSZone2'),
(21, 'AmzZone1', 'SfrZone1'),
(22, 'SfrZone1', 'AmzZone1'),
(23, '2', '3'),
(24, '3', '2'),
(25, 'P2Zone1', 'P2Zone2'),
(26, 'P2Zone2', 'P2Zone1'),
(27, 'P3Zone4', 'P3Zone5'),
(28, 'P3Zone5', 'P3Zone4'),
(29, 'P1Zone2', 'P2Zone3'),
(30, 'P2Zone1', 'P3Zone2'),
(31, 'P4Zon1', 'P4Zone2'),
(32, 'P4Zone2', 'P4Zone3'),
(33, 'P4Zone4', 'P4Zone5'),
(34, 'P1Zone1', 'P4Zone4'),
(35, 'P4Zone3', 'P4Zone5'),
(36, 'P4Zone2', 'P3Zone5'),
(37, 'P4Zone5', 'P4Zone6'),
(38, 'P4Zone6', 'P4Zone7'),
(39, 'P5Zone2', 'P5Zone6'),
(40, 'P5Zone4', 'P5Zone8'),
(41, 'P6Zone7', 'P6Zone9'),
(42, 'P6Zone5', 'P6Zone10'),
(44, 'P6Zone1', '1');

-- --------------------------------------------------------

--
-- Structure de la table `CRLink`
--

CREATE TABLE `CRLink` (
  `LID` int(11) NOT NULL,
  `Ci` varchar(10) NOT NULL,
  `Cj` varchar(10) NOT NULL
) ENGINE=InnoDB DEFAULT CHARSET=utf8;

--
-- Contenu de la table `CRLink`
--

INSERT INTO `CRLink` (`LID`, `Ci`, `Cj`) VALUES
(3, '4', '3'),
(4, '3', '4'),
(5, '3', '4'),
(6, '4', '3'),
(7, '5', '7'),
(8, '7', '5'),
(14, 'AmzZone2', 'AmzZone1'),
(15, 'AmzZone1', 'AmzZone2'),
(17, 'AmzZone2', 'AmzZone1'),
(18, 'AmzZone1', 'AmzZone2'),
(19, 'OSZone4', 'OSZone2'),
(20, 'OSZone2', 'OSZone4'),
(21, 'P1Zone1', 'P1Zone1'),
(22, 'P1Zone1', 'P1Zone1'),
(23, 'P3Zone3', 'P3Zone4'),
(24, 'P3Zone4', 'P3Zone3'),
(25, 'P6Zone1', 'P6Zone3'),
(26, 'P6Zone4', 'P6Zone6'),
(27, 'P6Zone8', 'P6Zone10'),
(28, 'P5Zone1', 'P5Zone3'),
(29, 'P6Zone5', 'P6Zone6'),
(30, 'P5Zone5', 'P5Zone7'),
(31, 'P5Zone9', 'P5Zone1'),
(32, 'P5Zone4', 'P4Zone2');

-- --------------------------------------------------------

--
-- Structure de la table `Customer`
--

CREATE TABLE `Customer` (
  `CustID` varchar(10) NOT NULL,
  `BID` varchar(10) DEFAULT NULL
) ENGINE=InnoDB DEFAULT CHARSET=utf8;

--
-- Contenu de la table `Customer`
--

INSERT INTO `Customer` (`CustID`, `BID`) VALUES
('3', NULL),
('C1', NULL),
('C2', NULL),
('C3', NULL),
('Ctest', NULL),
('1', 'B1'),
('2', 'B1'),
('C4', 'B1');

-- --------------------------------------------------------

--
-- Structure de la table `Federation`
--

CREATE TABLE `Federation` (
  `FID` varchar(10) NOT NULL,
  `BID` varchar(10) DEFAULT NULL
) ENGINE=InnoDB DEFAULT CHARSET=utf8;

--
-- Contenu de la table `Federation`
--

INSERT INTO `Federation` (`FID`, `BID`) VALUES
('1', 'B1'),
('2', 'B1'),
('3', 'B1');

-- --------------------------------------------------------

--
-- Structure de la table `Isolation`
--

CREATE TABLE `Isolation` (
  `TID` int(11) NOT NULL,
  `VmID` varchar(10) NOT NULL
) ENGINE=InnoDB DEFAULT CHARSET=utf8;

--
-- Contenu de la table `Isolation`
--

INSERT INTO `Isolation` (`TID`, `VmID`) VALUES
(1, '1_3'),
(3, '2_1'),
(2, '2_3'),
(33, '3_4'),
(54, 'VmC1-4'),
(55, 'VmC2-20'),
(58, 'VmC2-40'),
(60, 'VmC2-50'),
(56, 'VmC2-60'),
(59, 'VmC2-70'),
(63, 'VmC4-10'),
(64, 'VmC4-30'),
(62, 'VmC4-50'),
(66, 'VmC4-70'),
(65, 'VmC4-90'),
(61, 'Vmtest2');

-- --------------------------------------------------------

--
-- Structure de la table `PhysNode`
--

CREATE TABLE `PhysNode` (
  `PnID` varchar(10) NOT NULL,
  `CID` varchar(10) NOT NULL,
  `Cpus` text NOT NULL,
  `OSs` text NOT NULL,
  `Location` text NOT NULL
) ENGINE=InnoDB DEFAULT CHARSET=utf8;

--
-- Contenu de la table `PhysNode`
--

INSERT INTO `PhysNode` (`PnID`, `CID`, `Cpus`, `OSs`, `Location`) VALUES
('1_1', '1', 'cpu2;cpu3;', 'linux;windows;', 'EU'),
('1_2', '1', 'cpu2;cpu3;', 'linux;windows;', 'EU'),
('1_3', '1', 'cpu2;cpu3;', 'linux;windows;', 'EU'),
('1_4', '1', 'cpu2;cpu3;', 'linux;windows;', 'USA'),
('2_1', '2', 'cpu2;cpu3;', 'linux;windows;', 'EU'),
('2_2', '2', 'cpu2;cpu3;', 'linux;windows;', 'EU'),
('2_3', '2', 'cpu2;cpu3;', 'linux;windows;', 'EU'),
('3_1', '3', 'cpu2;cpu3;', 'linux;windows;', 'EU'),
('3_2', '3', 'cpu2;cpu3;', 'linux;windows;', 'EU'),
('3_3', '3', 'cpu2;cpu3;', 'linux;windows;', 'EU'),
('4_1', '4', 'cpu2;cpu3;', 'linux;windows;', 'EU'),
('4_2', '4', 'cpu2;cpu3;', 'linux;windows;', 'EU'),
('4_3', '4', 'cpu2;cpu3;', 'linux;windows;', 'EU'),
('5_1', '5', 'cpu2;cpu3;', 'linux;windows;', 'USA'),
('5_2', '5', 'cpu2;cpu3;', 'linux;windows;', 'Asia'),
('5_3', '5', 'cpu2;cpu3;', 'linux;windows;', 'EU'),
('5_4', '5', 'cpu2;cpu3;', 'linux;windows;', 'USA'),
('6_1', '6', 'cpu2;cpu3;', 'linux;windows;', 'EU'),
('6_2', '6', 'cpu2;cpu3;', 'linux;windows;', 'USA'),
('6_3', '6', 'cpu2;cpu3;', 'linux;windows;', 'EU'),
('7_1', '7', 'cpu2;cpu3;', 'linux;windows;', 'EU'),
('7_2', '7', 'cpu2;cpu3;', 'linux;windows;', 'Asia'),
('7_3', '7', 'cpu2;cpu3;', 'linux;windows;', 'EU'),
('AmzNode1_1', 'AmzZone1', 'cpu2;cpu3;cpu24;cpu34;', 'linux;windows;', 'EU'),
('AmzNode1_2', 'AmzZone1', 'cpu2;cpu3;cpu24;cpu34;', 'linux;windows;', 'EU'),
('AmzNode1_3', 'AmzZone1', 'cpu2;cpu3;cpu24;cpu34;', 'linux;windows;', 'EU'),
('AmzNode2_1', 'AmzZone2', 'cpu2;cpu3;cpu24;cpu34;', 'linux;windows;', 'EU'),
('AmzNode2_2', 'AmzZone2', 'cpu2;cpu3;cpu24;cpu34;', 'linux;windows;', 'EU'),
('OSNode1_1', 'OSZone1', 'cpu2;cpu3;', 'linux;windows;', 'EU'),
('OSNode1_2', 'OSZone1', 'cpu2;cpu3;', 'linux;windows;', 'EU'),
('OSNode2_1', 'OSZone2', 'cpu2;cpu3;cpu34;', 'linux;windows;', 'USA'),
('OSNode2_2', 'OSZone2', 'cpu2;cpu3;cpu34;', 'linux;windows;', 'USA'),
('OSNode3_1', 'OSZone3', 'cpu2;cpu3;', 'linux;windows;', 'EU'),
('OSNode3_2', 'OSZone3', 'cpu2;cpu3;', 'linux;windows;', 'EU'),
('OSNode4_1', 'OSZone4', 'cpu2;cpu3;cpu24;', 'linux;windows;', 'Asia'),
('P1PN1-1', 'P1Zone1', 'cpu2;cpu3;cpu24;', 'linux;windows;', 'EU'),
('P1PN1-2', 'P1Zone1', 'cpu2;cpu3;cpu24;', 'linux;windows;', 'EU'),
('P1PN1-3', 'P1Zone1', 'cpu2;cpu3;cpu24;', 'linux;windows;', 'EU'),
('P1PN1-4', 'P1Zone1', 'cpu2;cpu3;cpu24;', 'linux;windows;', 'EU'),
('P1PN1-5', 'P1Zone1', 'cpu2;cpu3;cpu24;', 'linux;windows;', 'EU'),
('P1PN2-1', 'P1Zone2', 'cpu2;cpu3;cpu24;', 'linux;windows;', 'USA'),
('P1PN2-2', 'P1Zone2', 'cpu2;cpu3;cpu24;', 'linux;windows;', 'USA'),
('P1PN2-3', 'P1Zone2', 'cpu2;cpu3;cpu24;', 'linux;windows;', 'USA'),
('P1PN2-4', 'P1Zone2', 'cpu2;cpu3;cpu24;', 'linux;windows;', 'USA'),
('P1PN2-5', 'P1Zone2', 'cpu2;cpu3;cpu24;', 'linux;windows;', 'USA'),
('P1PN2-6', 'P1Zone2', 'cpu2;cpu3;cpu24;', 'linux;windows;', 'USA'),
('P2PN1-1', 'P2Zone1', 'cpu2;cpu3;cpu24;', 'linux;windows;', 'USA'),
('P2PN1-2', 'P2Zone1', 'cpu2;cpu3;cpu24;', 'linux;windows;', 'USA'),
('P2PN1-3', 'P2Zone1', 'cpu2;cpu3;cpu24;', 'linux;windows;', 'USA'),
('P2PN2-1', 'P2Zone2', 'cpu2;cpu3;cpu24;', 'linux;windows;', 'USA'),
('P2PN2-2', 'P2Zone2', 'cpu2;cpu3;cpu24;', 'linux;windows;', 'USA'),
('P2PN2-3', 'P2Zone2', 'cpu2;cpu3;cpu24;', 'linux;windows;', 'USA'),
('P2PN2-4', 'P2Zone2', 'cpu2;cpu3;cpu24;', 'linux;windows;', 'USA'),
('P2PN2-5', 'P2Zone2', 'cpu2;cpu3;cpu24;', 'linux;windows;', 'USA'),
('P2PN3-1', 'P2Zone3', 'cpu2;cpu3;cpu24;', 'linux;windows;', 'Asia'),
('P2PN3-2', 'P2Zone3', 'cpu2;cpu3;cpu24;', 'linux;windows;', 'Asia'),
('P2PN3-3', 'P2Zone3', 'cpu2;cpu3;cpu24;', 'linux;windows;', 'Asia'),
('P2PN3-4', 'P2Zone3', 'cpu2;cpu3;cpu24;', 'linux;windows;', 'Asia'),
('P3PN1-1', 'P3Zone1', 'cpu2;cpu3;cpu24;', 'linux;windows;', 'EU'),
('P3PN1-2', 'P3Zone1', 'cpu2;cpu3;cpu24;', 'linux;windows;', 'EU'),
('P3PN1-3', 'P3Zone1', 'cpu2;cpu3;cpu24;', 'linux;windows;', 'EU'),
('P3PN1-4', 'P3Zone1', 'cpu2;cpu3;cpu24;', 'linux;windows;', 'EU'),
('P3PN1-5', 'P3Zone1', 'cpu2;cpu3;cpu24;', 'linux;windows;', 'EU'),
('P3PN2-1', 'P3Zone2', 'cpu2;cpu3;cpu24;', 'linux;windows;', 'USA'),
('P3PN2-2', 'P3Zone2', 'cpu2;cpu3;cpu24;', 'linux;windows;', 'USA'),
('P3PN2-3', 'P3Zone2', 'cpu2;cpu3;cpu24;', 'linux;windows;', 'USA'),
('P3PN2-4', 'P3Zone2', 'cpu2;cpu3;cpu24;', 'linux;windows;', 'USA'),
('P3PN3-1', 'P3Zone3', 'cpu2;cpu3;cpu24;', 'linux;windows;', 'Asia'),
('P3PN3-2', 'P3Zone3', 'cpu2;cpu3;cpu24;', 'linux;windows;', 'Asia'),
('P3PN3-3', 'P3Zone3', 'cpu2;cpu3;cpu24;', 'linux;windows;', 'Asia'),
('P3PN3-4', 'P3Zone3', 'cpu2;cpu3;cpu24;', 'linux;windows;', 'Asia'),
('P3PN4-1', 'P3Zone4', 'cpu2;cpu3;cpu24;', 'linux;windows;', 'USA'),
('P3PN4-2', 'P3Zone4', 'cpu2;cpu3;cpu24;', 'linux;windows;', 'USA'),
('P3PN4-3', 'P3Zone4', 'cpu2;cpu3;cpu24;', 'linux;windows;', 'USA'),
('P3PN4-4', 'P3Zone4', 'cpu2;cpu3;cpu24;', 'linux;windows;', 'USA'),
('P3PN4-5', 'P3Zone4', 'cpu2;cpu3;cpu24;', 'linux;windows;', 'USA'),
('P3PN5-1', 'P3Zone5', 'cpu2;cpu3;cpu24;', 'linux;windows;', 'Asia'),
('P3PN5-2', 'P3Zone5', 'cpu2;cpu3;cpu24;', 'linux;windows;', 'Asia'),
('P3PN5-3', 'P3Zone5', 'cpu2;cpu3;cpu24;', 'linux;windows;', 'Asia'),
('P3PN5-4', 'P3Zone5', 'cpu2;cpu3;cpu24;', 'linux;windows;', 'Asia'),
('P3PN5-5', 'P3Zone5', 'cpu2;cpu3;cpu24;', 'linux;windows;', 'Asia'),
('P3PN5-6', 'P3Zone5', 'cpu2;cpu3;cpu24;', 'linux;windows;', 'Asia'),
('P4PN1-1', 'P4Zon1', 'cpu2;cpu3;cpu24;', 'linux;windows;', 'USA'),
('P4PN1-10', 'P4Zon1', 'cpu2;cpu3;cpu24;', 'linux;windows;', 'USA'),
('P4PN1-11', 'P4Zon1', 'cpu2;cpu3;cpu24;', 'linux;windows;', 'USA'),
('P4PN1-12', 'P4Zon1', 'cpu2;cpu3;cpu24;', 'linux;windows;', 'USA'),
('P4PN1-13', 'P4Zon1', 'cpu2;cpu3;cpu24;', 'linux;windows;', 'USA'),
('P4PN1-14', 'P4Zon1', 'cpu2;cpu3;cpu24;', 'linux;windows;', 'USA'),
('P4PN1-15', 'P4Zon1', 'cpu2;cpu3;cpu24;', 'linux;windows;', 'USA'),
('P4PN1-16', 'P4Zon1', 'cpu2;cpu3;cpu24;', 'linux;windows;', 'USA'),
('P4PN1-17', 'P4Zon1', 'cpu2;cpu3;cpu24;', 'linux;windows;', 'USA'),
('P4PN1-18', 'P4Zon1', 'cpu2;cpu3;cpu24;', 'linux;windows;', 'USA'),
('P4PN1-19', 'P4Zon1', 'cpu2;cpu3;cpu24;', 'linux;windows;', 'USA'),
('P4PN1-2', 'P4Zon1', 'cpu2;cpu3;cpu24;', 'linux;windows;', 'USA'),
('P4PN1-20', 'P4Zon1', 'cpu2;cpu3;cpu24;', 'linux;windows;', 'USA'),
('P4PN1-21', 'P4Zon1', 'cpu2;cpu3;cpu24;', 'linux;windows;', 'USA'),
('P4PN1-22', 'P4Zon1', 'cpu2;cpu3;cpu24;', 'linux;windows;', 'USA'),
('P4PN1-23', 'P4Zon1', 'cpu2;cpu3;cpu24;', 'linux;windows;', 'USA'),
('P4PN1-24', 'P4Zon1', 'cpu2;cpu3;cpu24;', 'linux;windows;', 'USA'),
('P4PN1-25', 'P4Zon1', 'cpu2;cpu3;cpu24;', 'linux;windows;', 'USA'),
('P4PN1-26', 'P4Zon1', 'cpu2;cpu3;cpu24;', 'linux;windows;', 'USA'),
('P4PN1-27', 'P4Zon1', 'cpu2;cpu3;cpu24;', 'linux;windows;', 'USA'),
('P4PN1-28', 'P4Zon1', 'cpu2;cpu3;cpu24;', 'linux;windows;', 'USA'),
('P4PN1-29', 'P4Zon1', 'cpu2;cpu3;cpu24;', 'linux;windows;', 'USA'),
('P4PN1-3', 'P4Zon1', 'cpu2;cpu3;cpu24;', 'linux;windows;', 'USA'),
('P4PN1-30', 'P4Zon1', 'cpu2;cpu3;cpu24;', 'linux;windows;', 'USA'),
('P4PN1-31', 'P4Zon1', 'cpu2;cpu3;cpu24;', 'linux;windows;', 'USA'),
('P4PN1-5', 'P4Zon1', 'cpu2;cpu3;cpu24;', 'linux;windows;', 'USA'),
('P4PN1-6', 'P4Zon1', 'cpu2;cpu3;cpu24;', 'linux;windows;', 'USA'),
('P4PN1-7', 'P4Zon1', 'cpu2;cpu3;cpu24;', 'linux;windows;', 'USA'),
('P4PN1-8', 'P4Zon1', 'cpu2;cpu3;cpu24;', 'linux;windows;', 'USA'),
('P4PN1-9', 'P4Zon1', 'cpu2;cpu3;cpu24;', 'linux;windows;', 'USA'),
('P4PN2-1', 'P4Zone2', 'cpu2;cpu3;cpu24;', 'linux;windows;', 'Asia'),
('P4PN2-10', 'P4Zone2', 'cpu2;cpu3;cpu24;', 'linux;windows;', 'USA'),
('P4PN2-11', 'P4Zone2', 'cpu2;cpu3;cpu24;', 'linux;windows;', 'USA'),
('P4PN2-12', 'P4Zone2', 'cpu2;cpu3;cpu24;', 'linux;windows;', 'USA'),
('P4PN2-13', 'P4Zone2', 'cpu2;cpu3;cpu24;', 'linux;windows;', 'USA'),
('P4PN2-14', 'P4Zone2', 'cpu2;cpu3;cpu24;', 'linux;windows;', 'USA'),
('P4PN2-15', 'P4Zone2', 'cpu2;cpu3;cpu24;', 'linux;windows;', 'USA'),
('P4PN2-16', 'P4Zone2', 'cpu2;cpu3;cpu24;', 'linux;windows;', 'USA'),
('P4PN2-17', 'P4Zone2', 'cpu2;cpu3;cpu24;', 'linux;windows;', 'USA'),
('P4PN2-18', 'P4Zone2', 'cpu2;cpu3;cpu24;', 'linux;windows;', 'USA'),
('P4PN2-19', 'P4Zone2', 'cpu2;cpu3;cpu24;', 'linux;windows;', 'USA'),
('P4PN2-2', 'P4Zone2', 'cpu2;cpu3;cpu24;', 'linux;windows;', 'Asia'),
('P4PN2-20', 'P4Zone2', 'cpu2;cpu3;cpu24;', 'linux;windows;', 'USA'),
('P4PN2-21', 'P4Zone2', 'cpu2;cpu3;cpu24;', 'linux;windows;', 'USA'),
('P4PN2-22', 'P4Zone2', 'cpu2;cpu3;cpu24;', 'linux;windows;', 'USA'),
('P4PN2-23', 'P4Zone2', 'cpu2;cpu3;cpu24;', 'linux;windows;', 'USA'),
('P4PN2-24', 'P4Zone2', 'cpu2;cpu3;cpu24;', 'linux;windows;', 'USA'),
('P4PN2-25', 'P4Zone2', 'cpu2;cpu3;cpu24;', 'linux;windows;', 'USA'),
('P4PN2-26', 'P4Zone2', 'cpu2;cpu3;cpu24;', 'linux;windows;', 'USA'),
('P4PN2-27', 'P4Zone2', 'cpu2;cpu3;cpu24;', 'linux;windows;', 'USA'),
('P4PN2-28', 'P4Zone2', 'cpu2;cpu3;cpu24;', 'linux;windows;', 'USA'),
('P4PN2-29', 'P4Zone2', 'cpu2;cpu3;cpu24;', 'linux;windows;', 'USA'),
('P4PN2-3', 'P4Zone2', 'cpu2;cpu3;cpu24;', 'linux;windows;', 'Asia'),
('P4PN2-30', 'P4Zone2', 'cpu2;cpu3;cpu24;', 'linux;windows;', 'USA'),
('P4PN2-31', 'P4Zone2', 'cpu2;cpu3;cpu24;', 'linux;windows;', 'USA'),
('P4PN2-4', 'P4Zone2', 'cpu2;cpu3;cpu24;', 'linux;windows;', 'Asia'),
('P4PN2-6', 'P4Zone2', 'cpu2;cpu3;cpu24;', 'linux;windows;', 'USA'),
('P4PN2-7', 'P4Zone2', 'cpu2;cpu3;cpu24;', 'linux;windows;', 'USA'),
('P4PN2-8', 'P4Zone2', 'cpu2;cpu3;cpu24;', 'linux;windows;', 'USA'),
('P4PN2-9', 'P4Zone2', 'cpu2;cpu3;cpu24;', 'linux;windows;', 'USA'),
('P4PN3-1', 'P4Zone3', 'cpu2;cpu3;cpu24;', 'linux;windows;', 'EU'),
('P4PN3-10', 'P4Zone3', 'cpu2;cpu3;cpu24;', 'linux;windows;', 'USA'),
('P4PN3-11', 'P4Zone3', 'cpu2;cpu3;cpu24;', 'linux;windows;', 'USA'),
('P4PN3-12', 'P4Zone3', 'cpu2;cpu3;cpu24;', 'linux;windows;', 'USA'),
('P4PN3-13', 'P4Zone3', 'cpu2;cpu3;cpu24;', 'linux;windows;', 'USA'),
('P4PN3-14', 'P4Zone3', 'cpu2;cpu3;cpu24;', 'linux;windows;', 'USA'),
('P4PN3-15', 'P4Zone3', 'cpu2;cpu3;cpu24;', 'linux;windows;', 'USA'),
('P4PN3-16', 'P4Zone3', 'cpu2;cpu3;cpu24;', 'linux;windows;', 'USA'),
('P4PN3-17', 'P4Zone3', 'cpu2;cpu3;cpu24;', 'linux;windows;', 'USA'),
('P4PN3-18', 'P4Zone3', 'cpu2;cpu3;cpu24;', 'linux;windows;', 'USA'),
('P4PN3-19', 'P4Zone3', 'cpu2;cpu3;cpu24;', 'linux;windows;', 'USA'),
('P4PN3-2', 'P4Zone3', 'cpu2;cpu3;cpu24;', 'linux;windows;', 'EU'),
('P4PN3-20', 'P4Zone3', 'cpu2;cpu3;cpu24;', 'linux;windows;', 'USA'),
('P4PN3-21', 'P4Zone3', 'cpu2;cpu3;cpu24;', 'linux;windows;', 'USA'),
('P4PN3-22', 'P4Zone3', 'cpu2;cpu3;cpu24;', 'linux;windows;', 'USA'),
('P4PN3-23', 'P4Zone3', 'cpu2;cpu3;cpu24;', 'linux;windows;', 'USA'),
('P4PN3-24', 'P4Zone3', 'cpu2;cpu3;cpu24;', 'linux;windows;', 'USA'),
('P4PN3-25', 'P4Zone3', 'cpu2;cpu3;cpu24;', 'linux;windows;', 'USA'),
('P4PN3-26', 'P4Zone3', 'cpu2;cpu3;cpu24;', 'linux;windows;', 'USA'),
('P4PN3-27', 'P4Zone3', 'cpu2;cpu3;cpu24;', 'linux;windows;', 'USA'),
('P4PN3-28', 'P4Zone3', 'cpu2;cpu3;cpu24;', 'linux;windows;', 'USA'),
('P4PN3-29', 'P4Zone3', 'cpu2;cpu3;cpu24;', 'linux;windows;', 'USA'),
('P4PN3-3', 'P4Zone3', 'cpu2;cpu3;cpu24;', 'linux;windows;', 'EU'),
('P4PN3-30', 'P4Zone3', 'cpu2;cpu3;cpu24;', 'linux;windows;', 'USA'),
('P4PN3-31', 'P4Zone3', 'cpu2;cpu3;cpu24;', 'linux;windows;', 'USA'),
('P4PN3-4', 'P4Zone3', 'cpu2;cpu3;cpu24;', 'linux;windows;', 'EU'),
('P4PN3-6', 'P4Zone3', 'cpu2;cpu3;cpu24;', 'linux;windows;', 'USA'),
('P4PN3-7', 'P4Zone3', 'cpu2;cpu3;cpu24;', 'linux;windows;', 'USA'),
('P4PN3-8', 'P4Zone3', 'cpu2;cpu3;cpu24;', 'linux;windows;', 'USA'),
('P4PN3-9', 'P4Zone3', 'cpu2;cpu3;cpu24;', 'linux;windows;', 'USA'),
('P4PN4-1', 'P4Zone4', 'cpu2;cpu3;cpu24;', 'linux;windows;', 'USA'),
('P4PN4-10', 'P4Zone4', 'cpu2;cpu3;cpu24;', 'linux;windows;', 'Asia'),
('P4PN4-11', 'P4Zone4', 'cpu2;cpu3;cpu24;', 'linux;windows;', 'Asia'),
('P4PN4-12', 'P4Zone4', 'cpu2;cpu3;cpu24;', 'linux;windows;', 'Asia'),
('P4PN4-13', 'P4Zone4', 'cpu2;cpu3;cpu24;', 'linux;windows;', 'Asia'),
('P4PN4-14', 'P4Zone4', 'cpu2;cpu3;cpu24;', 'linux;windows;', 'Asia'),
('P4PN4-15', 'P4Zone4', 'cpu2;cpu3;cpu24;', 'linux;windows;', 'Asia'),
('P4PN4-16', 'P4Zone4', 'cpu2;cpu3;cpu24;', 'linux;windows;', 'Asia'),
('P4PN4-17', 'P4Zone4', 'cpu2;cpu3;cpu24;', 'linux;windows;', 'Asia'),
('P4PN4-18', 'P4Zone4', 'cpu2;cpu3;cpu24;', 'linux;windows;', 'Asia'),
('P4PN4-19', 'P4Zone4', 'cpu2;cpu3;cpu24;', 'linux;windows;', 'Asia'),
('P4PN4-2', 'P3Zone4', 'cpu2;cpu3;cpu24;', 'linux;windows;', 'USA'),
('P4PN4-20', 'P4Zone4', 'cpu2;cpu3;cpu24;', 'linux;windows;', 'Asia'),
('P4PN4-21', 'P4Zone4', 'cpu2;cpu3;cpu24;', 'linux;windows;', 'Asia'),
('P4PN4-22', 'P4Zone4', 'cpu2;cpu3;cpu24;', 'linux;windows;', 'Asia'),
('P4PN4-23', 'P4Zone4', 'cpu2;cpu3;cpu24;', 'linux;windows;', 'Asia'),
('P4PN4-24', 'P4Zone4', 'cpu2;cpu3;cpu24;', 'linux;windows;', 'Asia'),
('P4PN4-25', 'P4Zone4', 'cpu2;cpu3;cpu24;', 'linux;windows;', 'Asia'),
('P4PN4-26', 'P4Zone4', 'cpu2;cpu3;cpu24;', 'linux;windows;', 'Asia'),
('P4PN4-27', 'P4Zone4', 'cpu2;cpu3;cpu24;', 'linux;windows;', 'Asia'),
('P4PN4-28', 'P4Zone4', 'cpu2;cpu3;cpu24;', 'linux;windows;', 'Asia'),
('P4PN4-29', 'P4Zone4', 'cpu2;cpu3;cpu24;', 'linux;windows;', 'Asia'),
('P4PN4-3', 'P4Zone4', 'cpu2;cpu3;cpu24;', 'linux;windows;', 'USA'),
('P4PN4-30', 'P4Zone4', 'cpu2;cpu3;cpu24;', 'linux;windows;', 'Asia'),
('P4PN4-31', 'P4Zone4', 'cpu2;cpu3;cpu24;', 'linux;windows;', 'Asia'),
('P4PN4-32', 'P4Zone4', 'cpu2;cpu3;cpu24;', 'linux;windows;', 'Asia'),
('P4PN4-33', 'P4Zone4', 'cpu2;cpu3;cpu24;', 'linux;windows;', 'Asia'),
('P4PN4-34', 'P4Zone4', 'cpu2;cpu3;cpu24;', 'linux;windows;', 'Asia'),
('P4PN4-35', 'P4Zone4', 'cpu2;cpu3;cpu24;', 'linux;windows;', 'Asia'),
('P4PN4-36', 'P4Zone4', 'cpu2;cpu3;cpu24;', 'linux;windows;', 'Asia'),
('P4PN4-37', 'P4Zone4', 'cpu2;cpu3;cpu24;', 'linux;windows;', 'Asia'),
('P4PN4-38', 'P4Zone4', 'cpu2;cpu3;cpu24;', 'linux;windows;', 'Asia'),
('P4PN4-39', 'P4Zone4', 'cpu2;cpu3;cpu24;', 'linux;windows;', 'Asia'),
('P4PN4-4', 'P4Zone4', 'cpu2;cpu3;cpu24;', 'linux;windows;', 'USA'),
('P4PN4-40', 'P4Zone4', 'cpu2;cpu3;cpu24;', 'linux;windows;', 'Asia'),
('P4PN4-41', 'P4Zone4', 'cpu2;cpu3;cpu24;', 'linux;windows;', 'Asia'),
('P4PN4-42', 'P4Zone4', 'cpu2;cpu3;cpu24;', 'linux;windows;', 'Asia'),
('P4PN4-43', 'P4Zone4', 'cpu2;cpu3;cpu24;', 'linux;windows;', 'Asia'),
('P4PN4-44', 'P4Zone4', 'cpu2;cpu3;cpu24;', 'linux;windows;', 'Asia'),
('P4PN4-45', 'P4Zone4', 'cpu2;cpu3;cpu24;', 'linux;windows;', 'Asia'),
('P4PN4-46', 'P4Zone4', 'cpu2;cpu3;cpu24;', 'linux;windows;', 'Asia'),
('P4PN4-47', 'P4Zone4', 'cpu2;cpu3;cpu24;', 'linux;windows;', 'Asia'),
('P4PN4-48', 'P4Zone4', 'cpu2;cpu3;cpu24;', 'linux;windows;', 'Asia'),
('P4PN4-49', 'P4Zone4', 'cpu2;cpu3;cpu24;', 'linux;windows;', 'Asia'),
('P4PN4-5', 'P4Zone4', 'cpu2;cpu3;cpu24;', 'linux;windows;', 'USA'),
('P4PN4-50', 'P4Zone4', 'cpu2;cpu3;cpu24;', 'linux;windows;', 'Asia'),
('P4PN4-51', 'P4Zone4', 'cpu2;cpu3;cpu24;', 'linux;windows;', 'Asia'),
('P4PN4-52', 'P4Zone4', 'cpu2;cpu3;cpu24;', 'linux;windows;', 'Asia'),
('P4PN4-53', 'P4Zone4', 'cpu2;cpu3;cpu24;', 'linux;windows;', 'Asia'),
('P4PN4-54', 'P4Zone4', 'cpu2;cpu3;cpu24;', 'linux;windows;', 'Asia'),
('P4PN4-55', 'P4Zone4', 'cpu2;cpu3;cpu24;', 'linux;windows;', 'Asia'),
('P4PN4-56', 'P4Zone4', 'cpu2;cpu3;cpu24;', 'linux;windows;', 'Asia'),
('P4PN4-57', 'P4Zone4', 'cpu2;cpu3;cpu24;', 'linux;windows;', 'Asia'),
('P4PN4-58', 'P4Zone4', 'cpu2;cpu3;cpu24;', 'linux;windows;', 'Asia'),
('P4PN4-59', 'P4Zone4', 'cpu2;cpu3;cpu24;', 'linux;windows;', 'Asia'),
('P4PN4-6', 'P4Zone4', 'cpu2;cpu3;cpu24;', 'linux;windows;', 'USA'),
('P4PN4-7', 'P4Zone4', 'cpu2;cpu3;cpu24;', 'linux;windows;', 'Asia'),
('P4PN4-8', 'P4Zone4', 'cpu2;cpu3;cpu24;', 'linux;windows;', 'Asia'),
('P4PN4-9', 'P4Zone4', 'cpu2;cpu3;cpu24;', 'linux;windows;', 'Asia'),
('P4PN5-1', 'P4Zone5', 'cpu2;cpu3;cpu24;', 'linux;windows;', 'Asia'),
('P4PN5-10', 'P4Zone5', 'cpu2;cpu3;cpu24;', 'linux;windows;', 'USA'),
('P4PN5-11', 'P4Zone5', 'cpu2;cpu3;cpu24;', 'linux;windows;', 'EU'),
('P4PN5-12', 'P4Zone5', 'cpu2;cpu3;cpu24;', 'linux;windows;', 'EU'),
('P4PN5-13', 'P4Zone5', 'cpu2;cpu3;cpu24;', 'linux;windows;', 'EU'),
('P4PN5-14', 'P4Zone5', 'cpu2;cpu3;cpu24;', 'linux;windows;', 'Asia'),
('P4PN5-15', 'P4Zone5', 'cpu2;cpu3;cpu24;', 'linux;windows;', 'Asia'),
('P4PN5-16', 'P4Zone5', 'cpu2;cpu3;cpu24;', 'linux;windows;', 'Asia'),
('P4PN5-17', 'P4Zone5', 'cpu2;cpu3;cpu24;', 'linux;windows;', 'Asia'),
('P4PN5-18', 'P4Zone5', 'cpu2;cpu3;cpu24;', 'linux;windows;', 'Asia'),
('P4PN5-19', 'P4Zone5', 'cpu2;cpu3;cpu24;', 'linux;windows;', 'Asia'),
('P4PN5-2', 'P4Zone5', 'cpu2;cpu3;cpu24;', 'linux;windows;', 'Asia'),
('P4PN5-20', 'P4Zone5', 'cpu2;cpu3;cpu24;', 'linux;windows;', 'Asia'),
('P4PN5-21', 'P4Zone5', 'cpu2;cpu3;cpu24;', 'linux;windows;', 'Asia'),
('P4PN5-22', 'P4Zone5', 'cpu2;cpu3;cpu24;', 'linux;windows;', 'Asia'),
('P4PN5-23', 'P4Zone5', 'cpu2;cpu3;cpu24;', 'linux;windows;', 'Asia'),
('P4PN5-24', 'P4Zone5', 'cpu2;cpu3;cpu24;', 'linux;windows;', 'Asia'),
('P4PN5-25', 'P4Zone5', 'cpu2;cpu3;cpu24;', 'linux;windows;', 'Asia'),
('P4PN5-26', 'P4Zone5', 'cpu2;cpu3;cpu24;', 'linux;windows;', 'Asia'),
('P4PN5-27', 'P4Zone5', 'cpu2;cpu3;cpu24;', 'linux;windows;', 'Asia'),
('P4PN5-28', 'P4Zone5', 'cpu2;cpu3;cpu24;', 'linux;windows;', 'Asia'),
('P4PN5-29', 'P4Zone5', 'cpu2;cpu3;cpu24;', 'linux;windows;', 'Asia'),
('P4PN5-3', 'P4Zone5', 'cpu2;cpu3;cpu24;', 'linux;windows;', 'Asia'),
('P4PN5-30', 'P4Zone5', 'cpu2;cpu3;cpu24;', 'linux;windows;', 'Asia'),
('P4PN5-31', 'P4Zone5', 'cpu2;cpu3;cpu24;', 'linux;windows;', 'Asia'),
('P4PN5-32', 'P4Zone5', 'cpu2;cpu3;cpu24;', 'linux;windows;', 'Asia'),
('P4PN5-33', 'P4Zone5', 'cpu2;cpu3;cpu24;', 'linux;windows;', 'Asia'),
('P4PN5-34', 'P4Zone5', 'cpu2;cpu3;cpu24;', 'linux;windows;', 'Asia'),
('P4PN5-35', 'P4Zone5', 'cpu2;cpu3;cpu24;', 'linux;windows;', 'Asia'),
('P4PN5-36', 'P4Zone5', 'cpu2;cpu3;cpu24;', 'linux;windows;', 'Asia'),
('P4PN5-37', 'P4Zone5', 'cpu2;cpu3;cpu24;', 'linux;windows;', 'Asia'),
('P4PN5-38', 'P4Zone5', 'cpu2;cpu3;cpu24;', 'linux;windows;', 'Asia'),
('P4PN5-39', 'P4Zone5', 'cpu2;cpu3;cpu24;', 'linux;windows;', 'Asia'),
('P4PN5-4', 'P4Zone5', 'cpu2;cpu3;cpu24;', 'linux;windows;', 'Asia'),
('P4PN5-40', 'P4Zone5', 'cpu2;cpu3;cpu24;', 'linux;windows;', 'Asia'),
('P4PN5-41', 'P4Zone5', 'cpu2;cpu3;cpu24;', 'linux;windows;', 'Asia'),
('P4PN5-42', 'P4Zone5', 'cpu2;cpu3;cpu24;', 'linux;windows;', 'Asia'),
('P4PN5-43', 'P4Zone5', 'cpu2;cpu3;cpu24;', 'linux;windows;', 'Asia'),
('P4PN5-44', 'P4Zone5', 'cpu2;cpu3;cpu24;', 'linux;windows;', 'Asia'),
('P4PN5-45', 'P4Zone5', 'cpu2;cpu3;cpu24;', 'linux;windows;', 'Asia'),
('P4PN5-46', 'P4Zone5', 'cpu2;cpu3;cpu24;', 'linux;windows;', 'Asia'),
('P4PN5-47', 'P4Zone5', 'cpu2;cpu3;cpu24;', 'linux;windows;', 'Asia'),
('P4PN5-48', 'P4Zone5', 'cpu2;cpu3;cpu24;', 'linux;windows;', 'Asia'),
('P4PN5-49', 'P4Zone5', 'cpu2;cpu3;cpu24;', 'linux;windows;', 'Asia'),
('P4PN5-5', 'P4Zone5', 'cpu2;cpu3;cpu24;', 'linux;windows;', 'Asia'),
('P4PN5-50', 'P4Zone5', 'cpu2;cpu3;cpu24;', 'linux;windows;', 'Asia'),
('P4PN5-51', 'P4Zone5', 'cpu2;cpu3;cpu24;', 'linux;windows;', 'Asia'),
('P4PN5-52', 'P4Zone5', 'cpu2;cpu3;cpu24;', 'linux;windows;', 'Asia'),
('P4PN5-53', 'P4Zone5', 'cpu2;cpu3;cpu24;', 'linux;windows;', 'Asia'),
('P4PN5-54', 'P4Zone5', 'cpu2;cpu3;cpu24;', 'linux;windows;', 'Asia'),
('P4PN5-55', 'P4Zone5', 'cpu2;cpu3;cpu24;', 'linux;windows;', 'Asia'),
('P4PN5-56', 'P4Zone5', 'cpu2;cpu3;cpu24;', 'linux;windows;', 'Asia'),
('P4PN5-57', 'P4Zone5', 'cpu2;cpu3;cpu24;', 'linux;windows;', 'Asia'),
('P4PN5-58', 'P4Zone5', 'cpu2;cpu3;cpu24;', 'linux;windows;', 'Asia'),
('P4PN5-59', 'P4Zone5', 'cpu2;cpu3;cpu24;', 'linux;windows;', 'Asia'),
('P4PN5-6', 'P4Zone5', 'cpu2;cpu3;cpu24;', 'linux;windows;', 'Asia'),
('P4PN5-60', 'P4Zone5', 'cpu2;cpu3;cpu24;', 'linux;windows;', 'Asia'),
('P4PN5-61', 'P4Zone5', 'cpu2;cpu3;cpu24;', 'linux;windows;', 'Asia'),
('P4PN5-62', 'P4Zone5', 'cpu2;cpu3;cpu24;', 'linux;windows;', 'Asia'),
('P4PN5-63', 'P4Zone5', 'cpu2;cpu3;cpu24;', 'linux;windows;', 'Asia'),
('P4PN5-64', 'P4Zone5', 'cpu2;cpu3;cpu24;', 'linux;windows;', 'Asia'),
('P4PN5-65', 'P4Zone5', 'cpu2;cpu3;cpu24;', 'linux;windows;', 'Asia'),
('P4PN5-66', 'P4Zone5', 'cpu2;cpu3;cpu24;', 'linux;windows;', 'Asia'),
('P4PN5-67', 'P4Zone5', 'cpu2;cpu3;cpu24;', 'linux;windows;', 'Asia'),
('P4PN5-68', 'P4Zone5', 'cpu2;cpu3;cpu24;', 'linux;windows;', 'Asia'),
('P4PN5-69', 'P4Zone5', 'cpu2;cpu3;cpu24;', 'linux;windows;', 'Asia'),
('P4PN5-7', 'P4Zone5', 'cpu2;cpu3;cpu24;', 'linux;windows;', 'USA'),
('P4PN5-70', 'P4Zone5', 'cpu2;cpu3;cpu24;', 'linux;windows;', 'Asia'),
('P4PN5-71', 'P4Zone5', 'cpu2;cpu3;cpu24;', 'linux;windows;', 'Asia'),
('P4PN5-72', 'P4Zone5', 'cpu2;cpu3;cpu24;', 'linux;windows;', 'Asia'),
('P4PN5-73', 'P4Zone5', 'cpu2;cpu3;cpu24;', 'linux;windows;', 'Asia'),
('P4PN5-74', 'P4Zone5', 'cpu2;cpu3;cpu24;', 'linux;windows;', 'Asia'),
('P4PN5-75', 'P4Zone5', 'cpu2;cpu3;cpu24;', 'linux;windows;', 'Asia'),
('P4PN5-76', 'P4Zone5', 'cpu2;cpu3;cpu24;', 'linux;windows;', 'Asia'),
('P4PN5-77', 'P4Zone5', 'cpu2;cpu3;cpu24;', 'linux;windows;', 'Asia'),
('P4PN5-78', 'P4Zone5', 'cpu2;cpu3;cpu24;', 'linux;windows;', 'Asia'),
('P4PN5-79', 'P4Zone5', 'cpu2;cpu3;cpu24;', 'linux;windows;', 'Asia'),
('P4PN5-8', 'P3Zone5', 'cpu2;cpu3;cpu24;', 'linux;windows;', 'USA'),
('P4PN5-80', 'P4Zone5', 'cpu2;cpu3;cpu24;', 'linux;windows;', 'Asia'),
('P4PN5-81', 'P4Zone5', 'cpu2;cpu3;cpu24;', 'linux;windows;', 'Asia'),
('P4PN5-82', 'P4Zone5', 'cpu2;cpu3;cpu24;', 'linux;windows;', 'Asia'),
('P4PN5-83', 'P4Zone5', 'cpu2;cpu3;cpu24;', 'linux;windows;', 'Asia'),
('P4PN5-84', 'P4Zone5', 'cpu2;cpu3;cpu24;', 'linux;windows;', 'Asia'),
('P4PN5-85', 'P4Zone5', 'cpu2;cpu3;cpu24;', 'linux;windows;', 'Asia'),
('P4PN5-86', 'P4Zone5', 'cpu2;cpu3;cpu24;', 'linux;windows;', 'Asia'),
('P4PN5-87', 'P4Zone5', 'cpu2;cpu3;cpu24;', 'linux;windows;', 'Asia'),
('P4PN5-88', 'P4Zone5', 'cpu2;cpu3;cpu24;', 'linux;windows;', 'Asia'),
('P4PN5-89', 'P4Zone5', 'cpu2;cpu3;cpu24;', 'linux;windows;', 'Asia'),
('P4PN5-9', 'P4Zone5', 'cpu2;cpu3;cpu24;', 'linux;windows;', 'USA'),
('P4PN5-90', 'P4Zone5', 'cpu2;cpu3;cpu24;', 'linux;windows;', 'Asia'),
('P4PN5-91', 'P4Zone5', 'cpu2;cpu3;cpu24;', 'linux;windows;', 'Asia'),
('P4PN5-92', 'P4Zone5', 'cpu2;cpu3;cpu24;', 'linux;windows;', 'Asia'),
('P4PN5-93', 'P4Zone5', 'cpu2;cpu3;cpu24;', 'linux;windows;', 'Asia'),
('P4PN5-94', 'P4Zone5', 'cpu2;cpu3;cpu24;', 'linux;windows;', 'Asia'),
('P4PN5-95', 'P4Zone5', 'cpu2;cpu3;cpu24;', 'linux;windows;', 'Asia'),
('P4PN5-96', 'P4Zone5', 'cpu2;cpu3;cpu24;', 'linux;windows;', 'Asia'),
('P4PN5-97', 'P4Zone5', 'cpu2;cpu3;cpu24;', 'linux;windows;', 'Asia'),
('P4PN5-98', 'P4Zone5', 'cpu2;cpu3;cpu24;', 'linux;windows;', 'Asia'),
('P4PN5-99', 'P4Zone5', 'cpu2;cpu3;cpu24;', 'linux;windows;', 'Asia'),
('P4PN6-1', 'P4Zone6', 'cpu2;cpu3;cpu24;', 'linux;windows;', 'USA'),
('P4PN6-10', 'P4Zone6', 'cpu2;cpu3;cpu24;', 'linux;windows;', 'USA'),
('P4PN6-11', 'P4Zone6', 'cpu2;cpu3;cpu24;', 'linux;windows;', 'USA'),
('P4PN6-12', 'P4Zone6', 'cpu2;cpu3;cpu24;', 'linux;windows;', 'USA'),
('P4PN6-13', 'P4Zone6', 'cpu2;cpu3;cpu24;', 'linux;windows;', 'USA'),
('P4PN6-14', 'P4Zone6', 'cpu2;cpu3;cpu24;', 'linux;windows;', 'USA'),
('P4PN6-15', 'P4Zone6', 'cpu2;cpu3;cpu24;', 'linux;windows;', 'USA'),
('P4PN6-16', 'P4Zone6', 'cpu2;cpu3;cpu24;', 'linux;windows;', 'USA'),
('P4PN6-17', 'P4Zone6', 'cpu2;cpu3;cpu24;', 'linux;windows;', 'USA'),
('P4PN6-18', 'P4Zone6', 'cpu2;cpu3;cpu24;', 'linux;windows;', 'USA'),
('P4PN6-19', 'P4Zone6', 'cpu2;cpu3;cpu24;', 'linux;windows;', 'USA'),
('P4PN6-2', 'P4Zone6', 'cpu2;cpu3;cpu24;', 'linux;windows;', 'USA'),
('P4PN6-20', 'P4Zone6', 'cpu2;cpu3;cpu24;', 'linux;windows;', 'USA'),
('P4PN6-21', 'P4Zone6', 'cpu2;cpu3;cpu24;', 'linux;windows;', 'USA'),
('P4PN6-22', 'P4Zone6', 'cpu2;cpu3;cpu24;', 'linux;windows;', 'USA'),
('P4PN6-23', 'P4Zone6', 'cpu2;cpu3;cpu24;', 'linux;windows;', 'USA'),
('P4PN6-24', 'P4Zone6', 'cpu2;cpu3;cpu24;', 'linux;windows;', 'USA'),
('P4PN6-25', 'P4Zone6', 'cpu2;cpu3;cpu24;', 'linux;windows;', 'USA'),
('P4PN6-26', 'P4Zone6', 'cpu2;cpu3;cpu24;', 'linux;windows;', 'USA'),
('P4PN6-27', 'P4Zone6', 'cpu2;cpu3;cpu24;', 'linux;windows;', 'USA'),
('P4PN6-28', 'P4Zone6', 'cpu2;cpu3;cpu24;', 'linux;windows;', 'USA'),
('P4PN6-29', 'P4Zone6', 'cpu2;cpu3;cpu24;', 'linux;windows;', 'USA'),
('P4PN6-3', 'P4Zone6', 'cpu2;cpu3;cpu24;', 'linux;windows;', 'USA'),
('P4PN6-30', 'P4Zone6', 'cpu2;cpu3;cpu24;', 'linux;windows;', 'USA'),
('P4PN6-31', 'P4Zone6', 'cpu2;cpu3;cpu24;', 'linux;windows;', 'USA'),
('P4PN6-4', 'P4Zone6', 'cpu2;cpu3;cpu24;', 'linux;windows;', 'USA'),
('P4PN6-5', 'P4Zone6', 'cpu2;cpu3;cpu24;', 'linux;windows;', 'USA'),
('P4PN6-6', 'P4Zone6', 'cpu2;cpu3;cpu24;', 'linux;windows;', 'USA'),
('P4PN6-7', 'P4Zone6', 'cpu2;cpu3;cpu24;', 'linux;windows;', 'USA'),
('P4PN6-8', 'P4Zone6', 'cpu2;cpu3;cpu24;', 'linux;windows;', 'USA'),
('P4PN6-9', 'P4Zone6', 'cpu2;cpu3;cpu24;', 'linux;windows;', 'USA'),
('P4PN7-1', 'P4Zone7', 'cpu2;cpu3;cpu24;', 'linux;windows;', 'USA'),
('P4PN7-10', 'P4Zone7', 'cpu2;cpu3;cpu24;', 'linux;windows;', 'USA'),
('P4PN7-11', 'P4Zone7', 'cpu2;cpu3;cpu24;', 'linux;windows;', 'USA'),
('P4PN7-12', 'P4Zone7', 'cpu2;cpu3;cpu24;', 'linux;windows;', 'USA'),
('P4PN7-13', 'P4Zone7', 'cpu2;cpu3;cpu24;', 'linux;windows;', 'USA'),
('P4PN7-14', 'P4Zone7', 'cpu2;cpu3;cpu24;', 'linux;windows;', 'USA'),
('P4PN7-15', 'P4Zone7', 'cpu2;cpu3;cpu24;', 'linux;windows;', 'USA'),
('P4PN7-16', 'P4Zone7', 'cpu2;cpu3;cpu24;', 'linux;windows;', 'USA'),
('P4PN7-17', 'P4Zone7', 'cpu2;cpu3;cpu24;', 'linux;windows;', 'USA'),
('P4PN7-18', 'P4Zone7', 'cpu2;cpu3;cpu24;', 'linux;windows;', 'USA'),
('P4PN7-19', 'P4Zone7', 'cpu2;cpu3;cpu24;', 'linux;windows;', 'USA'),
('P4PN7-2', 'P4Zone7', 'cpu2;cpu3;cpu24;', 'linux;windows;', 'USA'),
('P4PN7-20', 'P4Zone7', 'cpu2;cpu3;cpu24;', 'linux;windows;', 'USA'),
('P4PN7-21', 'P4Zone7', 'cpu2;cpu3;cpu24;', 'linux;windows;', 'USA'),
('P4PN7-22', 'P4Zone7', 'cpu2;cpu3;cpu24;', 'linux;windows;', 'USA'),
('P4PN7-23', 'P4Zone7', 'cpu2;cpu3;cpu24;', 'linux;windows;', 'USA'),
('P4PN7-24', 'P4Zone7', 'cpu2;cpu3;cpu24;', 'linux;windows;', 'USA'),
('P4PN7-25', 'P4Zone7', 'cpu2;cpu3;cpu24;', 'linux;windows;', 'USA'),
('P4PN7-26', 'P4Zone7', 'cpu2;cpu3;cpu24;', 'linux;windows;', 'USA'),
('P4PN7-27', 'P4Zone7', 'cpu2;cpu3;cpu24;', 'linux;windows;', 'USA'),
('P4PN7-28', 'P4Zone7', 'cpu2;cpu3;cpu24;', 'linux;windows;', 'USA'),
('P4PN7-29', 'P4Zone7', 'cpu2;cpu3;cpu24;', 'linux;windows;', 'USA'),
('P4PN7-3', 'P4Zone7', 'cpu2;cpu3;cpu24;', 'linux;windows;', 'USA'),
('P4PN7-30', 'P4Zone7', 'cpu2;cpu3;cpu24;', 'linux;windows;', 'USA'),
('P4PN7-31', 'P4Zone7', 'cpu2;cpu3;cpu24;', 'linux;windows;', 'USA'),
('P4PN7-4', 'P4Zone7', 'cpu2;cpu3;cpu24;', 'linux;windows;', 'USA'),
('P4PN7-5', 'P4Zone7', 'cpu2;cpu3;cpu24;', 'linux;windows;', 'USA'),
('P4PN7-6', 'P4Zone7', 'cpu2;cpu3;cpu24;', 'linux;windows;', 'USA'),
('P4PN7-7', 'P4Zone7', 'cpu2;cpu3;cpu24;', 'linux;windows;', 'USA'),
('P4PN7-8', 'P4Zone7', 'cpu2;cpu3;cpu24;', 'linux;windows;', 'USA'),
('P4PN7-9', 'P4Zone7', 'cpu2;cpu3;cpu24;', 'linux;windows;', 'USA'),
('P51-1', 'P5Zone1', 'cpu2;cpu3;cpu24;', 'linux;windows;', 'USA'),
('P51-10', 'P5Zone1', 'cpu2;cpu3;cpu24;', 'linux;windows;', 'USA'),
('P51-12', 'P5Zone1', 'cpu2;cpu3;cpu24;', 'linux;windows;', 'USA'),
('P51-13', 'P5Zone1', 'cpu2;cpu3;cpu24;', 'linux;windows;', 'USA'),
('P51-14', 'P5Zone1', 'cpu2;cpu3;cpu24;', 'linux;windows;', 'USA'),
('P51-15', 'P5Zone1', 'cpu2;cpu3;cpu24;', 'linux;windows;', 'USA'),
('P51-16', 'P5Zone1', 'cpu2;cpu3;cpu24;', 'linux;windows;', 'USA'),
('P51-17', 'P5Zone1', 'cpu2;cpu3;cpu24;', 'linux;windows;', 'USA'),
('P51-18', 'P5Zone1', 'cpu2;cpu3;cpu24;', 'linux;windows;', 'USA'),
('P51-19', 'P5Zone1', 'cpu2;cpu3;cpu24;', 'linux;windows;', 'USA'),
('P51-2', 'P5Zone1', 'cpu2;cpu3;cpu24;', 'linux;windows;', 'USA'),
('P51-20', 'P5Zone1', 'cpu2;cpu3;cpu24;', 'linux;windows;', 'USA'),
('P51-21', 'P5Zone1', 'cpu2;cpu3;cpu24;', 'linux;windows;', 'USA'),
('P51-22', 'P5Zone1', 'cpu2;cpu3;cpu24;', 'linux;windows;', 'USA'),
('P51-23', 'P5Zone1', 'cpu2;cpu3;cpu24;', 'linux;windows;', 'USA'),
('P51-24', 'P5Zone1', 'cpu2;cpu3;cpu24;', 'linux;windows;', 'USA'),
('P51-25', 'P5Zone1', 'cpu2;cpu3;cpu24;', 'linux;windows;', 'USA'),
('P51-26', 'P5Zone1', 'cpu2;cpu3;cpu24;', 'linux;windows;', 'USA'),
('P51-27', 'P5Zone1', 'cpu2;cpu3;cpu24;', 'linux;windows;', 'USA'),
('P51-28', 'P5Zone1', 'cpu2;cpu3;cpu24;', 'linux;windows;', 'USA'),
('P51-29', 'P5Zone1', 'cpu2;cpu3;cpu24;', 'linux;windows;', 'USA'),
('P51-3', 'P5Zone1', 'cpu2;cpu3;cpu24;', 'linux;windows;', 'USA'),
('P51-30', 'P5Zone1', 'cpu2;cpu3;cpu24;', 'linux;windows;', 'USA'),
('P51-31', 'P5Zone1', 'cpu2;cpu3;cpu24;', 'linux;windows;', 'USA'),
('P51-5', 'P5Zone1', 'cpu2;cpu3;cpu24;', 'linux;windows;', 'USA'),
('P51-6', 'P5Zone1', 'cpu2;cpu3;cpu24;', 'linux;windows;', 'USA'),
('P51-7', 'P5Zone1', 'cpu2;cpu3;cpu24;', 'linux;windows;', 'USA'),
('P51-8', 'P5Zone1', 'cpu2;cpu3;cpu24;', 'linux;windows;', 'USA'),
('P51-9', 'P5Zone1', 'cpu2;cpu3;cpu24;', 'linux;windows;', 'USA'),
('P510-11', 'P5Zone10', 'cpu2;cpu3;cpu24;', 'linux;windows;', 'USA'),
('P510-110', 'P5Zone10', 'cpu2;cpu3;cpu24;', 'linux;windows;', 'USA'),
('P510-1110', 'P5Zone10', 'cpu2;cpu3;cpu24;', 'linux;windows;', 'USA'),
('P510-1111', 'P5Zone10', 'cpu2;cpu3;cpu24;', 'linux;windows;', 'USA'),
('P510-1112', 'P5Zone10', 'cpu2;cpu3;cpu24;', 'linux;windows;', 'USA'),
('P510-1113', 'P5Zone10', 'cpu2;cpu3;cpu24;', 'linux;windows;', 'USA'),
('P510-1114', 'P5Zone10', 'cpu2;cpu3;cpu24;', 'linux;windows;', 'USA'),
('P510-1115', 'P5Zone10', 'cpu2;cpu3;cpu24;', 'linux;windows;', 'USA'),
('P510-1116', 'P5Zone10', 'cpu2;cpu3;cpu24;', 'linux;windows;', 'USA'),
('P510-1117', 'P5Zone10', 'cpu2;cpu3;cpu24;', 'linux;windows;', 'USA'),
('P510-1118', 'P5Zone10', 'cpu2;cpu3;cpu24;', 'linux;windows;', 'USA'),
('P510-1119', 'P5Zone10', 'cpu2;cpu3;cpu24;', 'linux;windows;', 'USA'),
('P510-112', 'P5Zone10', 'cpu2;cpu3;cpu24;', 'linux;windows;', 'USA'),
('P510-1120', 'P5Zone10', 'cpu2;cpu3;cpu24;', 'linux;windows;', 'USA'),
('P510-1121', 'P5Zone10', 'cpu2;cpu3;cpu24;', 'linux;windows;', 'USA'),
('P510-1122', 'P5Zone10', 'cpu2;cpu3;cpu24;', 'linux;windows;', 'USA'),
('P510-1123', 'P5Zone10', 'cpu2;cpu3;cpu24;', 'linux;windows;', 'USA'),
('P510-1124', 'P5Zone10', 'cpu2;cpu3;cpu24;', 'linux;windows;', 'USA'),
('P510-1125', 'P5Zone10', 'cpu2;cpu3;cpu24;', 'linux;windows;', 'USA'),
('P510-1126', 'P5Zone10', 'cpu2;cpu3;cpu24;', 'linux;windows;', 'USA'),
('P510-1127', 'P5Zone10', 'cpu2;cpu3;cpu24;', 'linux;windows;', 'USA'),
('P510-1128', 'P5Zone10', 'cpu2;cpu3;cpu24;', 'linux;windows;', 'USA'),
('P510-1129', 'P5Zone10', 'cpu2;cpu3;cpu24;', 'linux;windows;', 'USA'),
('P510-113', 'P5Zone10', 'cpu2;cpu3;cpu24;', 'linux;windows;', 'USA'),
('P510-1130', 'P5Zone10', 'cpu2;cpu3;cpu24;', 'linux;windows;', 'USA'),
('P510-1131', 'P5Zone10', 'cpu2;cpu3;cpu24;', 'linux;windows;', 'USA'),
('P510-114', 'P5Zone10', 'cpu2;cpu3;cpu24;', 'linux;windows;', 'USA'),
('P510-115', 'P5Zone10', 'cpu2;cpu3;cpu24;', 'linux;windows;', 'USA'),
('P510-116', 'P5Zone10', 'cpu2;cpu3;cpu24;', 'linux;windows;', 'USA'),
('P510-117', 'P5Zone10', 'cpu2;cpu3;cpu24;', 'linux;windows;', 'USA'),
('P510-118', 'P5Zone10', 'cpu2;cpu3;cpu24;', 'linux;windows;', 'USA'),
('P510-119', 'P5Zone10', 'cpu2;cpu3;cpu24;', 'linux;windows;', 'USA'),
('P510-12', 'P5Zone10', 'cpu2;cpu3;cpu24;', 'linux;windows;', 'USA'),
('P510-120', 'P5Zone10', 'cpu2;cpu3;cpu24;', 'linux;windows;', 'USA'),
('P510-121', 'P5Zone10', 'cpu2;cpu3;cpu24;', 'linux;windows;', 'USA'),
('P510-122', 'P5Zone10', 'cpu2;cpu3;cpu24;', 'linux;windows;', 'USA'),
('P510-123', 'P5Zone10', 'cpu2;cpu3;cpu24;', 'linux;windows;', 'USA'),
('P510-124', 'P5Zone10', 'cpu2;cpu3;cpu24;', 'linux;windows;', 'USA'),
('P510-125', 'P5Zone10', 'cpu2;cpu3;cpu24;', 'linux;windows;', 'USA'),
('P510-126', 'P5Zone10', 'cpu2;cpu3;cpu24;', 'linux;windows;', 'USA'),
('P510-127', 'P5Zone10', 'cpu2;cpu3;cpu24;', 'linux;windows;', 'USA'),
('P510-128', 'P5Zone10', 'cpu2;cpu3;cpu24;', 'linux;windows;', 'USA'),
('P510-129', 'P5Zone10', 'cpu2;cpu3;cpu24;', 'linux;windows;', 'USA'),
('P510-13', 'P5Zone10', 'cpu2;cpu3;cpu24;', 'linux;windows;', 'USA'),
('P510-130', 'P5Zone10', 'cpu2;cpu3;cpu24;', 'linux;windows;', 'USA'),
('P510-131', 'P5Zone10', 'cpu2;cpu3;cpu24;', 'linux;windows;', 'USA'),
('P510-14', 'P5Zone10', 'cpu2;cpu3;cpu24;', 'linux;windows;', 'USA'),
('P510-15', 'P5Zone10', 'cpu2;cpu3;cpu24;', 'linux;windows;', 'USA'),
('P510-16', 'P5Zone10', 'cpu2;cpu3;cpu24;', 'linux;windows;', 'USA'),
('P510-17', 'P5Zone10', 'cpu2;cpu3;cpu24;', 'linux;windows;', 'USA'),
('P510-18', 'P5Zone10', 'cpu2;cpu3;cpu24;', 'linux;windows;', 'USA'),
('P510-19', 'P5Zone10', 'cpu2;cpu3;cpu24;', 'linux;windows;', 'USA'),
('P510-216', 'P5Zone10', 'cpu2;cpu3;cpu24;', 'linux;windows;', 'USA'),
('P510-217', 'P5Zone10', 'cpu2;cpu3;cpu24;', 'linux;windows;', 'USA'),
('P510-218', 'P5Zone10', 'cpu2;cpu3;cpu24;', 'linux;windows;', 'USA'),
('P510-219', 'P5Zone10', 'cpu2;cpu3;cpu24;', 'linux;windows;', 'USA'),
('P52-1', 'P5Zone2', 'cpu2;cpu3;cpu24;', 'linux;windows;', 'Asia'),
('P52-10', 'P5Zone2', 'cpu2;cpu3;cpu24;', 'linux;windows;', 'USA'),
('P52-12', 'P5Zone2', 'cpu2;cpu3;cpu24;', 'linux;windows;', 'USA'),
('P52-13', 'P5Zone2', 'cpu2;cpu3;cpu24;', 'linux;windows;', 'USA'),
('P52-14', 'P5Zone2', 'cpu2;cpu3;cpu24;', 'linux;windows;', 'USA'),
('P52-15', 'P5Zone2', 'cpu2;cpu3;cpu24;', 'linux;windows;', 'USA'),
('P52-16', 'P5Zone2', 'cpu2;cpu3;cpu24;', 'linux;windows;', 'USA'),
('P52-17', 'P5Zone2', 'cpu2;cpu3;cpu24;', 'linux;windows;', 'USA'),
('P52-18', 'P5Zone2', 'cpu2;cpu3;cpu24;', 'linux;windows;', 'USA'),
('P52-19', 'P5Zone2', 'cpu2;cpu3;cpu24;', 'linux;windows;', 'USA'),
('P52-2', 'P5Zone2', 'cpu2;cpu3;cpu24;', 'linux;windows;', 'Asia'),
('P52-20', 'P5Zone2', 'cpu2;cpu3;cpu24;', 'linux;windows;', 'USA'),
('P52-21', 'P5Zone2', 'cpu2;cpu3;cpu24;', 'linux;windows;', 'USA'),
('P52-22', 'P5Zone2', 'cpu2;cpu3;cpu24;', 'linux;windows;', 'USA'),
('P52-23', 'P5Zone2', 'cpu2;cpu3;cpu24;', 'linux;windows;', 'USA'),
('P52-24', 'P5Zone2', 'cpu2;cpu3;cpu24;', 'linux;windows;', 'USA'),
('P52-25', 'P5Zone2', 'cpu2;cpu3;cpu24;', 'linux;windows;', 'USA'),
('P52-26', 'P5Zone2', 'cpu2;cpu3;cpu24;', 'linux;windows;', 'USA'),
('P52-27', 'P5Zone2', 'cpu2;cpu3;cpu24;', 'linux;windows;', 'USA'),
('P52-28', 'P5Zone2', 'cpu2;cpu3;cpu24;', 'linux;windows;', 'USA'),
('P52-29', 'P5Zone2', 'cpu2;cpu3;cpu24;', 'linux;windows;', 'USA'),
('P52-3', 'P5Zone2', 'cpu2;cpu3;cpu24;', 'linux;windows;', 'Asia'),
('P52-30', 'P5Zone2', 'cpu2;cpu3;cpu24;', 'linux;windows;', 'USA'),
('P52-31', 'P5Zone2', 'cpu2;cpu3;cpu24;', 'linux;windows;', 'USA'),
('P52-4', 'P5Zone2', 'cpu2;cpu3;cpu24;', 'linux;windows;', 'Asia'),
('P52-6', 'P5Zone2', 'cpu2;cpu3;cpu24;', 'linux;windows;', 'USA'),
('P52-7', 'P5Zone2', 'cpu2;cpu3;cpu24;', 'linux;windows;', 'USA'),
('P52-8', 'P5Zone2', 'cpu2;cpu3;cpu24;', 'linux;windows;', 'USA'),
('P52-9', 'P5Zone2', 'cpu2;cpu3;cpu24;', 'linux;windows;', 'USA'),
('P53-11', 'P5Zone3', 'cpu2;cpu3;cpu24;', 'linux;windows;', 'EU'),
('P53-110', 'P5Zone3', 'cpu2;cpu3;cpu24;', 'linux;windows;', 'USA'),
('P53-111', 'P5Zone3', 'cpu2;cpu3;cpu24;', 'linux;windows;', 'USA'),
('P53-112', 'P5Zone3', 'cpu2;cpu3;cpu24;', 'linux;windows;', 'USA'),
('P53-113', 'P5Zone3', 'cpu2;cpu3;cpu24;', 'linux;windows;', 'USA'),
('P53-114', 'P5Zone3', 'cpu2;cpu3;cpu24;', 'linux;windows;', 'USA'),
('P53-115', 'P5Zone3', 'cpu2;cpu3;cpu24;', 'linux;windows;', 'USA'),
('P53-116', 'P5Zone3', 'cpu2;cpu3;cpu24;', 'linux;windows;', 'USA'),
('P53-117', 'P5Zone3', 'cpu2;cpu3;cpu24;', 'linux;windows;', 'USA'),
('P53-118', 'P5Zone3', 'cpu2;cpu3;cpu24;', 'linux;windows;', 'USA'),
('P53-119', 'P5Zone3', 'cpu2;cpu3;cpu24;', 'linux;windows;', 'USA'),
('P53-12', 'P5Zone3', 'cpu2;cpu3;cpu24;', 'linux;windows;', 'EU'),
('P53-120', 'P5Zone3', 'cpu2;cpu3;cpu24;', 'linux;windows;', 'USA'),
('P53-121', 'P5Zone3', 'cpu2;cpu3;cpu24;', 'linux;windows;', 'USA'),
('P53-122', 'P5Zone3', 'cpu2;cpu3;cpu24;', 'linux;windows;', 'USA'),
('P53-123', 'P5Zone3', 'cpu2;cpu3;cpu24;', 'linux;windows;', 'USA'),
('P53-124', 'P5Zone3', 'cpu2;cpu3;cpu24;', 'linux;windows;', 'USA'),
('P53-125', 'P5Zone3', 'cpu2;cpu3;cpu24;', 'linux;windows;', 'USA'),
('P53-126', 'P5Zone3', 'cpu2;cpu3;cpu24;', 'linux;windows;', 'USA'),
('P53-127', 'P5Zone3', 'cpu2;cpu3;cpu24;', 'linux;windows;', 'USA'),
('P53-128', 'P5Zone3', 'cpu2;cpu3;cpu24;', 'linux;windows;', 'USA'),
('P53-129', 'P5Zone3', 'cpu2;cpu3;cpu24;', 'linux;windows;', 'USA'),
('P53-13', 'P5Zone3', 'cpu2;cpu3;cpu24;', 'linux;windows;', 'EU'),
('P53-130', 'P5Zone3', 'cpu2;cpu3;cpu24;', 'linux;windows;', 'USA'),
('P53-131', 'P5Zone3', 'cpu2;cpu3;cpu24;', 'linux;windows;', 'USA'),
('P53-14', 'P5Zone3', 'cpu2;cpu3;cpu24;', 'linux;windows;', 'EU'),
('P53-16', 'P5Zone3', 'cpu2;cpu3;cpu24;', 'linux;windows;', 'USA'),
('P53-17', 'P5Zone3', 'cpu2;cpu3;cpu24;', 'linux;windows;', 'USA'),
('P53-18', 'P5Zone3', 'cpu2;cpu3;cpu24;', 'linux;windows;', 'USA'),
('P53-19', 'P5Zone3', 'cpu2;cpu3;cpu24;', 'linux;windows;', 'USA'),
('P54-11', 'P5Zone4', 'cpu2;cpu3;cpu24;', 'linux;windows;', 'USA'),
('P54-110', 'P5Zone4', 'cpu2;cpu3;cpu24;', 'linux;windows;', 'Asia'),
('P54-111', 'P5Zone4', 'cpu2;cpu3;cpu24;', 'linux;windows;', 'Asia'),
('P54-112', 'P5Zone4', 'cpu2;cpu3;cpu24;', 'linux;windows;', 'Asia'),
('P54-113', 'P5Zone4', 'cpu2;cpu3;cpu24;', 'linux;windows;', 'Asia'),
('P54-114', 'P5Zone4', 'cpu2;cpu3;cpu24;', 'linux;windows;', 'Asia'),
('P54-115', 'P5Zone4', 'cpu2;cpu3;cpu24;', 'linux;windows;', 'Asia'),
('P54-116', 'P5Zone4', 'cpu2;cpu3;cpu24;', 'linux;windows;', 'Asia'),
('P54-117', 'P5Zone4', 'cpu2;cpu3;cpu24;', 'linux;windows;', 'Asia'),
('P54-118', 'P5Zone4', 'cpu2;cpu3;cpu24;', 'linux;windows;', 'Asia'),
('P54-119', 'P5Zone4', 'cpu2;cpu3;cpu24;', 'linux;windows;', 'Asia'),
('P54-12', 'P3Zone4', 'cpu2;cpu3;cpu24;', 'linux;windows;', 'USA'),
('P54-120', 'P5Zone4', 'cpu2;cpu3;cpu24;', 'linux;windows;', 'Asia'),
('P54-121', 'P5Zone4', 'cpu2;cpu3;cpu24;', 'linux;windows;', 'Asia'),
('P54-122', 'P5Zone4', 'cpu2;cpu3;cpu24;', 'linux;windows;', 'Asia'),
('P54-123', 'P5Zone4', 'cpu2;cpu3;cpu24;', 'linux;windows;', 'Asia'),
('P54-124', 'P5Zone4', 'cpu2;cpu3;cpu24;', 'linux;windows;', 'Asia'),
('P54-125', 'P5Zone4', 'cpu2;cpu3;cpu24;', 'linux;windows;', 'Asia'),
('P54-126', 'P5Zone4', 'cpu2;cpu3;cpu24;', 'linux;windows;', 'Asia'),
('P54-127', 'P5Zone4', 'cpu2;cpu3;cpu24;', 'linux;windows;', 'Asia'),
('P54-128', 'P5Zone4', 'cpu2;cpu3;cpu24;', 'linux;windows;', 'Asia'),
('P54-129', 'P5Zone4', 'cpu2;cpu3;cpu24;', 'linux;windows;', 'Asia'),
('P54-13', 'P5Zone4', 'cpu2;cpu3;cpu24;', 'linux;windows;', 'USA'),
('P54-130', 'P5Zone4', 'cpu2;cpu3;cpu24;', 'linux;windows;', 'Asia'),
('P54-131', 'P5Zone4', 'cpu2;cpu3;cpu24;', 'linux;windows;', 'Asia'),
('P54-132', 'P5Zone4', 'cpu2;cpu3;cpu24;', 'linux;windows;', 'Asia'),
('P54-133', 'P5Zone4', 'cpu2;cpu3;cpu24;', 'linux;windows;', 'Asia'),
('P54-134', 'P5Zone4', 'cpu2;cpu3;cpu24;', 'linux;windows;', 'Asia'),
('P54-135', 'P5Zone4', 'cpu2;cpu3;cpu24;', 'linux;windows;', 'Asia'),
('P54-136', 'P5Zone4', 'cpu2;cpu3;cpu24;', 'linux;windows;', 'Asia'),
('P54-137', 'P5Zone4', 'cpu2;cpu3;cpu24;', 'linux;windows;', 'Asia'),
('P54-138', 'P5Zone4', 'cpu2;cpu3;cpu24;', 'linux;windows;', 'Asia'),
('P54-139', 'P5Zone4', 'cpu2;cpu3;cpu24;', 'linux;windows;', 'Asia'),
('P54-14', 'P5Zone4', 'cpu2;cpu3;cpu24;', 'linux;windows;', 'USA'),
('P54-140', 'P5Zone4', 'cpu2;cpu3;cpu24;', 'linux;windows;', 'Asia'),
('P54-141', 'P5Zone4', 'cpu2;cpu3;cpu24;', 'linux;windows;', 'Asia'),
('P54-142', 'P5Zone4', 'cpu2;cpu3;cpu24;', 'linux;windows;', 'Asia'),
('P54-143', 'P5Zone4', 'cpu2;cpu3;cpu24;', 'linux;windows;', 'Asia'),
('P54-144', 'P5Zone4', 'cpu2;cpu3;cpu24;', 'linux;windows;', 'Asia'),
('P54-145', 'P5Zone4', 'cpu2;cpu3;cpu24;', 'linux;windows;', 'Asia'),
('P54-146', 'P5Zone4', 'cpu2;cpu3;cpu24;', 'linux;windows;', 'Asia'),
('P54-147', 'P5Zone4', 'cpu2;cpu3;cpu24;', 'linux;windows;', 'Asia'),
('P54-148', 'P5Zone4', 'cpu2;cpu3;cpu24;', 'linux;windows;', 'Asia'),
('P54-149', 'P5Zone4', 'cpu2;cpu3;cpu24;', 'linux;windows;', 'Asia'),
('P54-15', 'P5Zone4', 'cpu2;cpu3;cpu24;', 'linux;windows;', 'USA'),
('P54-150', 'P5Zone4', 'cpu2;cpu3;cpu24;', 'linux;windows;', 'Asia'),
('P54-151', 'P5Zone4', 'cpu2;cpu3;cpu24;', 'linux;windows;', 'Asia'),
('P54-152', 'P5Zone4', 'cpu2;cpu3;cpu24;', 'linux;windows;', 'Asia'),
('P54-153', 'P5Zone4', 'cpu2;cpu3;cpu24;', 'linux;windows;', 'Asia'),
('P54-154', 'P5Zone4', 'cpu2;cpu3;cpu24;', 'linux;windows;', 'Asia'),
('P54-155', 'P5Zone4', 'cpu2;cpu3;cpu24;', 'linux;windows;', 'Asia'),
('P54-156', 'P5Zone4', 'cpu2;cpu3;cpu24;', 'linux;windows;', 'Asia'),
('P54-157', 'P5Zone4', 'cpu2;cpu3;cpu24;', 'linux;windows;', 'Asia'),
('P54-158', 'P5Zone4', 'cpu2;cpu3;cpu24;', 'linux;windows;', 'Asia'),
('P54-159', 'P5Zone4', 'cpu2;cpu3;cpu24;', 'linux;windows;', 'Asia'),
('P54-16', 'P5Zone4', 'cpu2;cpu3;cpu24;', 'linux;windows;', 'USA'),
('P54-17', 'P5Zone4', 'cpu2;cpu3;cpu24;', 'linux;windows;', 'Asia'),
('P54-18', 'P5Zone4', 'cpu2;cpu3;cpu24;', 'linux;windows;', 'Asia'),
('P54-19', 'P5Zone4', 'cpu2;cpu3;cpu24;', 'linux;windows;', 'Asia'),
('P55-11', 'P5Zone5', 'cpu2;cpu3;cpu24;', 'linux;windows;', 'Asia'),
('P55-110', 'P5Zone5', 'cpu2;cpu3;cpu24;', 'linux;windows;', 'USA'),
('P55-111', 'P5Zone5', 'cpu2;cpu3;cpu24;', 'linux;windows;', 'EU'),
('P55-112', 'P5Zone5', 'cpu2;cpu3;cpu24;', 'linux;windows;', 'EU'),
('P55-113', 'P5Zone5', 'cpu2;cpu3;cpu24;', 'linux;windows;', 'EU'),
('P55-114', 'P5Zone5', 'cpu2;cpu3;cpu24;', 'linux;windows;', 'Asia'),
('P55-115', 'P5Zone5', 'cpu2;cpu3;cpu24;', 'linux;windows;', 'Asia'),
('P55-116', 'P5Zone5', 'cpu2;cpu3;cpu24;', 'linux;windows;', 'Asia'),
('P55-117', 'P5Zone5', 'cpu2;cpu3;cpu24;', 'linux;windows;', 'Asia'),
('P55-118', 'P5Zone5', 'cpu2;cpu3;cpu24;', 'linux;windows;', 'Asia'),
('P55-119', 'P5Zone5', 'cpu2;cpu3;cpu24;', 'linux;windows;', 'Asia'),
('P55-12', 'P5Zone5', 'cpu2;cpu3;cpu24;', 'linux;windows;', 'Asia'),
('P55-120', 'P5Zone5', 'cpu2;cpu3;cpu24;', 'linux;windows;', 'Asia'),
('P55-121', 'P5Zone5', 'cpu2;cpu3;cpu24;', 'linux;windows;', 'Asia'),
('P55-122', 'P5Zone5', 'cpu2;cpu3;cpu24;', 'linux;windows;', 'Asia'),
('P55-123', 'P5Zone5', 'cpu2;cpu3;cpu24;', 'linux;windows;', 'Asia'),
('P55-124', 'P5Zone5', 'cpu2;cpu3;cpu24;', 'linux;windows;', 'Asia'),
('P55-125', 'P5Zone5', 'cpu2;cpu3;cpu24;', 'linux;windows;', 'Asia'),
('P55-126', 'P5Zone5', 'cpu2;cpu3;cpu24;', 'linux;windows;', 'Asia'),
('P55-127', 'P5Zone5', 'cpu2;cpu3;cpu24;', 'linux;windows;', 'Asia'),
('P55-128', 'P5Zone5', 'cpu2;cpu3;cpu24;', 'linux;windows;', 'Asia'),
('P55-129', 'P5Zone5', 'cpu2;cpu3;cpu24;', 'linux;windows;', 'Asia'),
('P55-13', 'P5Zone5', 'cpu2;cpu3;cpu24;', 'linux;windows;', 'Asia'),
('P55-130', 'P5Zone5', 'cpu2;cpu3;cpu24;', 'linux;windows;', 'Asia'),
('P55-131', 'P5Zone5', 'cpu2;cpu3;cpu24;', 'linux;windows;', 'Asia'),
('P55-132', 'P5Zone5', 'cpu2;cpu3;cpu24;', 'linux;windows;', 'Asia'),
('P55-133', 'P5Zone5', 'cpu2;cpu3;cpu24;', 'linux;windows;', 'Asia'),
('P55-134', 'P5Zone5', 'cpu2;cpu3;cpu24;', 'linux;windows;', 'Asia'),
('P55-135', 'P5Zone5', 'cpu2;cpu3;cpu24;', 'linux;windows;', 'Asia'),
('P55-136', 'P5Zone5', 'cpu2;cpu3;cpu24;', 'linux;windows;', 'Asia'),
('P55-137', 'P5Zone5', 'cpu2;cpu3;cpu24;', 'linux;windows;', 'Asia'),
('P55-138', 'P5Zone5', 'cpu2;cpu3;cpu24;', 'linux;windows;', 'Asia'),
('P55-139', 'P5Zone5', 'cpu2;cpu3;cpu24;', 'linux;windows;', 'Asia'),
('P55-14', 'P5Zone5', 'cpu2;cpu3;cpu24;', 'linux;windows;', 'Asia'),
('P55-140', 'P5Zone5', 'cpu2;cpu3;cpu24;', 'linux;windows;', 'Asia'),
('P55-141', 'P5Zone5', 'cpu2;cpu3;cpu24;', 'linux;windows;', 'Asia'),
('P55-142', 'P5Zone5', 'cpu2;cpu3;cpu24;', 'linux;windows;', 'Asia'),
('P55-143', 'P5Zone5', 'cpu2;cpu3;cpu24;', 'linux;windows;', 'Asia'),
('P55-144', 'P5Zone5', 'cpu2;cpu3;cpu24;', 'linux;windows;', 'Asia'),
('P55-145', 'P5Zone5', 'cpu2;cpu3;cpu24;', 'linux;windows;', 'Asia'),
('P55-146', 'P5Zone5', 'cpu2;cpu3;cpu24;', 'linux;windows;', 'Asia'),
('P55-147', 'P5Zone5', 'cpu2;cpu3;cpu24;', 'linux;windows;', 'Asia'),
('P55-148', 'P5Zone5', 'cpu2;cpu3;cpu24;', 'linux;windows;', 'Asia'),
('P55-149', 'P5Zone5', 'cpu2;cpu3;cpu24;', 'linux;windows;', 'Asia'),
('P55-15', 'P5Zone5', 'cpu2;cpu3;cpu24;', 'linux;windows;', 'Asia'),
('P55-150', 'P5Zone5', 'cpu2;cpu3;cpu24;', 'linux;windows;', 'Asia'),
('P55-151', 'P5Zone5', 'cpu2;cpu3;cpu24;', 'linux;windows;', 'Asia'),
('P55-152', 'P5Zone5', 'cpu2;cpu3;cpu24;', 'linux;windows;', 'Asia'),
('P55-153', 'P5Zone5', 'cpu2;cpu3;cpu24;', 'linux;windows;', 'Asia'),
('P55-154', 'P5Zone5', 'cpu2;cpu3;cpu24;', 'linux;windows;', 'Asia'),
('P55-155', 'P5Zone5', 'cpu2;cpu3;cpu24;', 'linux;windows;', 'Asia'),
('P55-156', 'P5Zone5', 'cpu2;cpu3;cpu24;', 'linux;windows;', 'Asia'),
('P55-157', 'P5Zone5', 'cpu2;cpu3;cpu24;', 'linux;windows;', 'Asia'),
('P55-158', 'P5Zone5', 'cpu2;cpu3;cpu24;', 'linux;windows;', 'Asia'),
('P55-159', 'P5Zone5', 'cpu2;cpu3;cpu24;', 'linux;windows;', 'Asia'),
('P55-16', 'P5Zone5', 'cpu2;cpu3;cpu24;', 'linux;windows;', 'Asia'),
('P55-160', 'P5Zone5', 'cpu2;cpu3;cpu24;', 'linux;windows;', 'Asia'),
('P55-161', 'P5Zone5', 'cpu2;cpu3;cpu24;', 'linux;windows;', 'Asia'),
('P55-162', 'P5Zone5', 'cpu2;cpu3;cpu24;', 'linux;windows;', 'Asia'),
('P55-163', 'P5Zone5', 'cpu2;cpu3;cpu24;', 'linux;windows;', 'Asia'),
('P55-164', 'P5Zone5', 'cpu2;cpu3;cpu24;', 'linux;windows;', 'Asia'),
('P55-165', 'P5Zone5', 'cpu2;cpu3;cpu24;', 'linux;windows;', 'Asia'),
('P55-166', 'P5Zone5', 'cpu2;cpu3;cpu24;', 'linux;windows;', 'Asia'),
('P55-167', 'P5Zone5', 'cpu2;cpu3;cpu24;', 'linux;windows;', 'Asia'),
('P55-168', 'P5Zone5', 'cpu2;cpu3;cpu24;', 'linux;windows;', 'Asia'),
('P55-169', 'P5Zone5', 'cpu2;cpu3;cpu24;', 'linux;windows;', 'Asia'),
('P55-17', 'P5Zone5', 'cpu2;cpu3;cpu24;', 'linux;windows;', 'USA'),
('P55-170', 'P5Zone5', 'cpu2;cpu3;cpu24;', 'linux;windows;', 'Asia'),
('P55-171', 'P5Zone5', 'cpu2;cpu3;cpu24;', 'linux;windows;', 'Asia'),
('P55-172', 'P5Zone5', 'cpu2;cpu3;cpu24;', 'linux;windows;', 'Asia'),
('P55-173', 'P5Zone5', 'cpu2;cpu3;cpu24;', 'linux;windows;', 'Asia'),
('P55-174', 'P5Zone5', 'cpu2;cpu3;cpu24;', 'linux;windows;', 'Asia'),
('P55-175', 'P5Zone5', 'cpu2;cpu3;cpu24;', 'linux;windows;', 'Asia'),
('P55-176', 'P5Zone5', 'cpu2;cpu3;cpu24;', 'linux;windows;', 'Asia'),
('P55-177', 'P5Zone5', 'cpu2;cpu3;cpu24;', 'linux;windows;', 'Asia'),
('P55-178', 'P5Zone5', 'cpu2;cpu3;cpu24;', 'linux;windows;', 'Asia'),
('P55-179', 'P5Zone5', 'cpu2;cpu3;cpu24;', 'linux;windows;', 'Asia'),
('P55-18', 'P3Zone5', 'cpu2;cpu3;cpu24;', 'linux;windows;', 'USA'),
('P55-180', 'P5Zone5', 'cpu2;cpu3;cpu24;', 'linux;windows;', 'Asia'),
('P55-181', 'P5Zone5', 'cpu2;cpu3;cpu24;', 'linux;windows;', 'Asia'),
('P55-182', 'P5Zone5', 'cpu2;cpu3;cpu24;', 'linux;windows;', 'Asia'),
('P55-183', 'P5Zone5', 'cpu2;cpu3;cpu24;', 'linux;windows;', 'Asia'),
('P55-184', 'P5Zone5', 'cpu2;cpu3;cpu24;', 'linux;windows;', 'Asia'),
('P55-185', 'P5Zone5', 'cpu2;cpu3;cpu24;', 'linux;windows;', 'Asia'),
('P55-186', 'P5Zone5', 'cpu2;cpu3;cpu24;', 'linux;windows;', 'Asia'),
('P55-187', 'P5Zone5', 'cpu2;cpu3;cpu24;', 'linux;windows;', 'Asia'),
('P55-188', 'P5Zone5', 'cpu2;cpu3;cpu24;', 'linux;windows;', 'Asia'),
('P55-189', 'P5Zone5', 'cpu2;cpu3;cpu24;', 'linux;windows;', 'Asia'),
('P55-19', 'P5Zone5', 'cpu2;cpu3;cpu24;', 'linux;windows;', 'USA'),
('P55-190', 'P5Zone5', 'cpu2;cpu3;cpu24;', 'linux;windows;', 'Asia'),
('P55-191', 'P5Zone5', 'cpu2;cpu3;cpu24;', 'linux;windows;', 'Asia'),
('P55-192', 'P5Zone5', 'cpu2;cpu3;cpu24;', 'linux;windows;', 'Asia'),
('P55-193', 'P5Zone5', 'cpu2;cpu3;cpu24;', 'linux;windows;', 'Asia'),
('P55-194', 'P5Zone5', 'cpu2;cpu3;cpu24;', 'linux;windows;', 'Asia'),
('P55-195', 'P5Zone5', 'cpu2;cpu3;cpu24;', 'linux;windows;', 'Asia'),
('P55-196', 'P5Zone5', 'cpu2;cpu3;cpu24;', 'linux;windows;', 'Asia'),
('P55-197', 'P5Zone5', 'cpu2;cpu3;cpu24;', 'linux;windows;', 'Asia'),
('P55-198', 'P5Zone5', 'cpu2;cpu3;cpu24;', 'linux;windows;', 'Asia'),
('P55-199', 'P5Zone5', 'cpu2;cpu3;cpu24;', 'linux;windows;', 'Asia'),
('P56-01', 'P5Zone6', 'cpu2;cpu3;cpu24;', 'linux;windows;', 'USA'),
('P56-013', 'P5Zone6', 'cpu2;cpu3;cpu24;', 'linux;windows;', 'USA'),
('P56-014', 'P5Zone6', 'cpu2;cpu3;cpu24;', 'linux;windows;', 'USA'),
('P56-015', 'P5Zone6', 'cpu2;cpu3;cpu24;', 'linux;windows;', 'USA'),
('P56-016', 'P5Zone6', 'cpu2;cpu3;cpu24;', 'linux;windows;', 'USA'),
('P56-017', 'P5Zone6', 'cpu2;cpu3;cpu24;', 'linux;windows;', 'USA'),
('P56-018', 'P5Zone6', 'cpu2;cpu3;cpu24;', 'linux;windows;', 'USA'),
('P56-019', 'P5Zone6', 'cpu2;cpu3;cpu24;', 'linux;windows;', 'USA'),
('P56-02', 'P5Zone6', 'cpu2;cpu3;cpu24;', 'linux;windows;', 'USA'),
('P56-020', 'P5Zone6', 'cpu2;cpu3;cpu24;', 'linux;windows;', 'USA'),
('P56-021', 'P5Zone6', 'cpu2;cpu3;cpu24;', 'linux;windows;', 'USA'),
('P56-022', 'P5Zone6', 'cpu2;cpu3;cpu24;', 'linux;windows;', 'USA'),
('P56-023', 'P5Zone6', 'cpu2;cpu3;cpu24;', 'linux;windows;', 'USA'),
('P56-024', 'P5Zone6', 'cpu2;cpu3;cpu24;', 'linux;windows;', 'USA'),
('P56-025', 'P5Zone6', 'cpu2;cpu3;cpu24;', 'linux;windows;', 'USA'),
('P56-026', 'P5Zone6', 'cpu2;cpu3;cpu24;', 'linux;windows;', 'USA'),
('P56-027', 'P5Zone6', 'cpu2;cpu3;cpu24;', 'linux;windows;', 'USA'),
('P56-028', 'P5Zone6', 'cpu2;cpu3;cpu24;', 'linux;windows;', 'USA'),
('P56-029', 'P5Zone6', 'cpu2;cpu3;cpu24;', 'linux;windows;', 'USA'),
('P56-03', 'P5Zone6', 'cpu2;cpu3;cpu24;', 'linux;windows;', 'USA'),
('P56-030', 'P5Zone6', 'cpu2;cpu3;cpu24;', 'linux;windows;', 'USA'),
('P56-031', 'P5Zone6', 'cpu2;cpu3;cpu24;', 'linux;windows;', 'USA'),
('P56-04', 'P5Zone6', 'cpu2;cpu3;cpu24;', 'linux;windows;', 'USA'),
('P56-05', 'P5Zone6', 'cpu2;cpu3;cpu24;', 'linux;windows;', 'USA'),
('P56-06', 'P5Zone6', 'cpu2;cpu3;cpu24;', 'linux;windows;', 'USA'),
('P56-07', 'P5Zone6', 'cpu2;cpu3;cpu24;', 'linux;windows;', 'USA'),
('P56-08', 'P5Zone6', 'cpu2;cpu3;cpu24;', 'linux;windows;', 'USA'),
('P56-09', 'P5Zone6', 'cpu2;cpu3;cpu24;', 'linux;windows;', 'USA'),
('P56-110', 'P5Zone6', 'cpu2;cpu3;cpu24;', 'linux;windows;', 'USA'),
('P56-111', 'P5Zone6', 'cpu2;cpu3;cpu24;', 'linux;windows;', 'USA'),
('P56-112', 'P5Zone6', 'cpu2;cpu3;cpu24;', 'linux;windows;', 'USA'),
('P56-113', 'P5Zone6', 'cpu2;cpu3;cpu24;', 'linux;windows;', 'USA'),
('P56-114', 'P5Zone6', 'cpu2;cpu3;cpu24;', 'linux;windows;', 'USA'),
('P56-115', 'P5Zone6', 'cpu2;cpu3;cpu24;', 'linux;windows;', 'USA'),
('P56-116', 'P5Zone6', 'cpu2;cpu3;cpu24;', 'linux;windows;', 'USA'),
('P56-117', 'P5Zone6', 'cpu2;cpu3;cpu24;', 'linux;windows;', 'USA'),
('P56-118', 'P5Zone6', 'cpu2;cpu3;cpu24;', 'linux;windows;', 'USA'),
('P56-119', 'P5Zone6', 'cpu2;cpu3;cpu24;', 'linux;windows;', 'USA'),
('P56-12', 'P5Zone6', 'cpu2;cpu3;cpu24;', 'linux;windows;', 'USA'),
('P56-120', 'P5Zone6', 'cpu2;cpu3;cpu24;', 'linux;windows;', 'USA'),
('P56-121', 'P5Zone6', 'cpu2;cpu3;cpu24;', 'linux;windows;', 'USA'),
('P56-122', 'P5Zone6', 'cpu2;cpu3;cpu24;', 'linux;windows;', 'USA'),
('P56-123', 'P5Zone6', 'cpu2;cpu3;cpu24;', 'linux;windows;', 'USA'),
('P56-124', 'P5Zone6', 'cpu2;cpu3;cpu24;', 'linux;windows;', 'USA'),
('P56-125', 'P5Zone6', 'cpu2;cpu3;cpu24;', 'linux;windows;', 'USA'),
('P56-126', 'P5Zone6', 'cpu2;cpu3;cpu24;', 'linux;windows;', 'USA'),
('P56-127', 'P5Zone6', 'cpu2;cpu3;cpu24;', 'linux;windows;', 'USA'),
('P56-128', 'P5Zone6', 'cpu2;cpu3;cpu24;', 'linux;windows;', 'USA');
INSERT INTO `PhysNode` (`PnID`, `CID`, `Cpus`, `OSs`, `Location`) VALUES
('P56-129', 'P5Zone6', 'cpu2;cpu3;cpu24;', 'linux;windows;', 'USA'),
('P56-13', 'P5Zone6', 'cpu2;cpu3;cpu24;', 'linux;windows;', 'USA'),
('P56-130', 'P5Zone6', 'cpu2;cpu3;cpu24;', 'linux;windows;', 'USA'),
('P56-131', 'P5Zone6', 'cpu2;cpu3;cpu24;', 'linux;windows;', 'USA'),
('P56-14', 'P5Zone6', 'cpu2;cpu3;cpu24;', 'linux;windows;', 'USA'),
('P56-15', 'P5Zone6', 'cpu2;cpu3;cpu24;', 'linux;windows;', 'USA'),
('P56-16', 'P5Zone6', 'cpu2;cpu3;cpu24;', 'linux;windows;', 'USA'),
('P56-17', 'P5Zone6', 'cpu2;cpu3;cpu24;', 'linux;windows;', 'USA'),
('P56-18', 'P5Zone6', 'cpu2;cpu3;cpu24;', 'linux;windows;', 'USA'),
('P56-19', 'P5Zone6', 'cpu2;cpu3;cpu24;', 'linux;windows;', 'USA'),
('P57-01', 'P5Zone7', 'cpu2;cpu3;cpu24;', 'linux;windows;', 'USA'),
('P57-012', 'P5Zone7', 'cpu2;cpu3;cpu24;', 'linux;windows;', 'USA'),
('P57-013', 'P5Zone7', 'cpu2;cpu3;cpu24;', 'linux;windows;', 'USA'),
('P57-014', 'P5Zone7', 'cpu2;cpu3;cpu24;', 'linux;windows;', 'USA'),
('P57-015', 'P5Zone7', 'cpu2;cpu3;cpu24;', 'linux;windows;', 'USA'),
('P57-016', 'P5Zone7', 'cpu2;cpu3;cpu24;', 'linux;windows;', 'USA'),
('P57-017', 'P5Zone7', 'cpu2;cpu3;cpu24;', 'linux;windows;', 'USA'),
('P57-018', 'P5Zone7', 'cpu2;cpu3;cpu24;', 'linux;windows;', 'USA'),
('P57-019', 'P5Zone7', 'cpu2;cpu3;cpu24;', 'linux;windows;', 'USA'),
('P57-02', 'P5Zone7', 'cpu2;cpu3;cpu24;', 'linux;windows;', 'USA'),
('P57-020', 'P5Zone7', 'cpu2;cpu3;cpu24;', 'linux;windows;', 'USA'),
('P57-021', 'P5Zone7', 'cpu2;cpu3;cpu24;', 'linux;windows;', 'USA'),
('P57-022', 'P5Zone7', 'cpu2;cpu3;cpu24;', 'linux;windows;', 'USA'),
('P57-023', 'P5Zone7', 'cpu2;cpu3;cpu24;', 'linux;windows;', 'USA'),
('P57-024', 'P5Zone7', 'cpu2;cpu3;cpu24;', 'linux;windows;', 'USA'),
('P57-025', 'P5Zone7', 'cpu2;cpu3;cpu24;', 'linux;windows;', 'USA'),
('P57-026', 'P5Zone7', 'cpu2;cpu3;cpu24;', 'linux;windows;', 'USA'),
('P57-027', 'P5Zone7', 'cpu2;cpu3;cpu24;', 'linux;windows;', 'USA'),
('P57-028', 'P5Zone7', 'cpu2;cpu3;cpu24;', 'linux;windows;', 'USA'),
('P57-029', 'P5Zone7', 'cpu2;cpu3;cpu24;', 'linux;windows;', 'USA'),
('P57-03', 'P5Zone7', 'cpu2;cpu3;cpu24;', 'linux;windows;', 'USA'),
('P57-030', 'P5Zone7', 'cpu2;cpu3;cpu24;', 'linux;windows;', 'USA'),
('P57-031', 'P5Zone7', 'cpu2;cpu3;cpu24;', 'linux;windows;', 'USA'),
('P57-04', 'P5Zone7', 'cpu2;cpu3;cpu24;', 'linux;windows;', 'USA'),
('P57-05', 'P5Zone7', 'cpu2;cpu3;cpu24;', 'linux;windows;', 'USA'),
('P57-06', 'P5Zone7', 'cpu2;cpu3;cpu24;', 'linux;windows;', 'USA'),
('P57-07', 'P5Zone7', 'cpu2;cpu3;cpu24;', 'linux;windows;', 'USA'),
('P57-08', 'P5Zone7', 'cpu2;cpu3;cpu24;', 'linux;windows;', 'USA'),
('P57-09', 'P5Zone7', 'cpu2;cpu3;cpu24;', 'linux;windows;', 'USA'),
('P57-110', 'P5Zone7', 'cpu2;cpu3;cpu24;', 'linux;windows;', 'USA'),
('P57-111', 'P5Zone7', 'cpu2;cpu3;cpu24;', 'linux;windows;', 'USA'),
('P57-112', 'P5Zone7', 'cpu2;cpu3;cpu24;', 'linux;windows;', 'USA'),
('P57-113', 'P5Zone7', 'cpu2;cpu3;cpu24;', 'linux;windows;', 'USA'),
('P57-114', 'P5Zone7', 'cpu2;cpu3;cpu24;', 'linux;windows;', 'USA'),
('P57-115', 'P5Zone7', 'cpu2;cpu3;cpu24;', 'linux;windows;', 'USA'),
('P57-116', 'P5Zone7', 'cpu2;cpu3;cpu24;', 'linux;windows;', 'USA'),
('P57-117', 'P5Zone7', 'cpu2;cpu3;cpu24;', 'linux;windows;', 'USA'),
('P57-118', 'P5Zone7', 'cpu2;cpu3;cpu24;', 'linux;windows;', 'USA'),
('P57-119', 'P5Zone7', 'cpu2;cpu3;cpu24;', 'linux;windows;', 'USA'),
('P57-12', 'P5Zone7', 'cpu2;cpu3;cpu24;', 'linux;windows;', 'USA'),
('P57-120', 'P5Zone7', 'cpu2;cpu3;cpu24;', 'linux;windows;', 'USA'),
('P57-121', 'P5Zone7', 'cpu2;cpu3;cpu24;', 'linux;windows;', 'USA'),
('P57-122', 'P5Zone7', 'cpu2;cpu3;cpu24;', 'linux;windows;', 'USA'),
('P57-123', 'P5Zone7', 'cpu2;cpu3;cpu24;', 'linux;windows;', 'USA'),
('P57-124', 'P5Zone7', 'cpu2;cpu3;cpu24;', 'linux;windows;', 'USA'),
('P57-125', 'P5Zone7', 'cpu2;cpu3;cpu24;', 'linux;windows;', 'USA'),
('P57-126', 'P5Zone7', 'cpu2;cpu3;cpu24;', 'linux;windows;', 'USA'),
('P57-127', 'P5Zone7', 'cpu2;cpu3;cpu24;', 'linux;windows;', 'USA'),
('P57-128', 'P5Zone7', 'cpu2;cpu3;cpu24;', 'linux;windows;', 'USA'),
('P57-129', 'P5Zone7', 'cpu2;cpu3;cpu24;', 'linux;windows;', 'USA'),
('P57-13', 'P5Zone7', 'cpu2;cpu3;cpu24;', 'linux;windows;', 'USA'),
('P57-130', 'P5Zone7', 'cpu2;cpu3;cpu24;', 'linux;windows;', 'USA'),
('P57-131', 'P5Zone7', 'cpu2;cpu3;cpu24;', 'linux;windows;', 'USA'),
('P57-14', 'P5Zone7', 'cpu2;cpu3;cpu24;', 'linux;windows;', 'USA'),
('P57-15', 'P5Zone7', 'cpu2;cpu3;cpu24;', 'linux;windows;', 'USA'),
('P57-16', 'P5Zone7', 'cpu2;cpu3;cpu24;', 'linux;windows;', 'USA'),
('P57-17', 'P5Zone7', 'cpu2;cpu3;cpu24;', 'linux;windows;', 'USA'),
('P57-18', 'P5Zone7', 'cpu2;cpu3;cpu24;', 'linux;windows;', 'USA'),
('P57-19', 'P5Zone7', 'cpu2;cpu3;cpu24;', 'linux;windows;', 'USA'),
('P58-012', 'P5Zone8', 'cpu2;cpu3;cpu24;', 'linux;windows;', 'USA'),
('P58-013', 'P5Zone8', 'cpu2;cpu3;cpu24;', 'linux;windows;', 'USA'),
('P58-014', 'P5Zone8', 'cpu2;cpu3;cpu24;', 'linux;windows;', 'USA'),
('P58-015', 'P5Zone8', 'cpu2;cpu3;cpu24;', 'linux;windows;', 'USA'),
('P58-016', 'P5Zone8', 'cpu2;cpu3;cpu24;', 'linux;windows;', 'USA'),
('P58-017', 'P5Zone8', 'cpu2;cpu3;cpu24;', 'linux;windows;', 'USA'),
('P58-018', 'P5Zone8', 'cpu2;cpu3;cpu24;', 'linux;windows;', 'USA'),
('P58-019', 'P5Zone8', 'cpu2;cpu3;cpu24;', 'linux;windows;', 'USA'),
('P58-02', 'P5Zone8', 'cpu2;cpu3;cpu24;', 'linux;windows;', 'USA'),
('P58-020', 'P5Zone8', 'cpu2;cpu3;cpu24;', 'linux;windows;', 'USA'),
('P58-021', 'P5Zone8', 'cpu2;cpu3;cpu24;', 'linux;windows;', 'USA'),
('P58-022', 'P5Zone8', 'cpu2;cpu3;cpu24;', 'linux;windows;', 'USA'),
('P58-023', 'P5Zone8', 'cpu2;cpu3;cpu24;', 'linux;windows;', 'USA'),
('P58-024', 'P5Zone8', 'cpu2;cpu3;cpu24;', 'linux;windows;', 'USA'),
('P58-025', 'P5Zone8', 'cpu2;cpu3;cpu24;', 'linux;windows;', 'USA'),
('P58-026', 'P5Zone8', 'cpu2;cpu3;cpu24;', 'linux;windows;', 'USA'),
('P58-027', 'P5Zone8', 'cpu2;cpu3;cpu24;', 'linux;windows;', 'USA'),
('P58-028', 'P5Zone8', 'cpu2;cpu3;cpu24;', 'linux;windows;', 'USA'),
('P58-029', 'P5Zone8', 'cpu2;cpu3;cpu24;', 'linux;windows;', 'USA'),
('P58-03', 'P5Zone8', 'cpu2;cpu3;cpu24;', 'linux;windows;', 'USA'),
('P58-030', 'P5Zone8', 'cpu2;cpu3;cpu24;', 'linux;windows;', 'USA'),
('P58-031', 'P5Zone8', 'cpu2;cpu3;cpu24;', 'linux;windows;', 'USA'),
('P58-04', 'P5Zone8', 'cpu2;cpu3;cpu24;', 'linux;windows;', 'USA'),
('P58-05', 'P5Zone8', 'cpu2;cpu3;cpu24;', 'linux;windows;', 'USA'),
('P58-06', 'P5Zone8', 'cpu2;cpu3;cpu24;', 'linux;windows;', 'USA'),
('P58-07', 'P5Zone8', 'cpu2;cpu3;cpu24;', 'linux;windows;', 'USA'),
('P58-08', 'P5Zone8', 'cpu2;cpu3;cpu24;', 'linux;windows;', 'USA'),
('P58-09', 'P5Zone8', 'cpu2;cpu3;cpu24;', 'linux;windows;', 'USA'),
('P58-11', 'P5Zone8', 'cpu2;cpu3;cpu24;', 'linux;windows;', 'USA'),
('P58-110', 'P5Zone8', 'cpu2;cpu3;cpu24;', 'linux;windows;', 'USA'),
('P58-111', 'P5Zone8', 'cpu2;cpu3;cpu24;', 'linux;windows;', 'USA'),
('P58-112', 'P5Zone8', 'cpu2;cpu3;cpu24;', 'linux;windows;', 'USA'),
('P58-113', 'P5Zone8', 'cpu2;cpu3;cpu24;', 'linux;windows;', 'USA'),
('P58-114', 'P5Zone8', 'cpu2;cpu3;cpu24;', 'linux;windows;', 'USA'),
('P58-115', 'P5Zone8', 'cpu2;cpu3;cpu24;', 'linux;windows;', 'USA'),
('P58-116', 'P5Zone8', 'cpu2;cpu3;cpu24;', 'linux;windows;', 'USA'),
('P58-117', 'P5Zone8', 'cpu2;cpu3;cpu24;', 'linux;windows;', 'USA'),
('P58-118', 'P5Zone8', 'cpu2;cpu3;cpu24;', 'linux;windows;', 'USA'),
('P58-119', 'P5Zone8', 'cpu2;cpu3;cpu24;', 'linux;windows;', 'USA'),
('P58-12', 'P5Zone8', 'cpu2;cpu3;cpu24;', 'linux;windows;', 'USA'),
('P58-120', 'P5Zone8', 'cpu2;cpu3;cpu24;', 'linux;windows;', 'USA'),
('P58-121', 'P5Zone8', 'cpu2;cpu3;cpu24;', 'linux;windows;', 'USA'),
('P58-122', 'P5Zone8', 'cpu2;cpu3;cpu24;', 'linux;windows;', 'USA'),
('P58-123', 'P5Zone8', 'cpu2;cpu3;cpu24;', 'linux;windows;', 'USA'),
('P58-124', 'P5Zone8', 'cpu2;cpu3;cpu24;', 'linux;windows;', 'USA'),
('P58-125', 'P5Zone8', 'cpu2;cpu3;cpu24;', 'linux;windows;', 'USA'),
('P58-126', 'P5Zone8', 'cpu2;cpu3;cpu24;', 'linux;windows;', 'USA'),
('P58-127', 'P5Zone8', 'cpu2;cpu3;cpu24;', 'linux;windows;', 'USA'),
('P58-128', 'P5Zone8', 'cpu2;cpu3;cpu24;', 'linux;windows;', 'USA'),
('P58-129', 'P5Zone8', 'cpu2;cpu3;cpu24;', 'linux;windows;', 'USA'),
('P58-13', 'P5Zone8', 'cpu2;cpu3;cpu24;', 'linux;windows;', 'USA'),
('P58-130', 'P5Zone8', 'cpu2;cpu3;cpu24;', 'linux;windows;', 'USA'),
('P58-131', 'P5Zone8', 'cpu2;cpu3;cpu24;', 'linux;windows;', 'USA'),
('P58-14', 'P5Zone8', 'cpu2;cpu3;cpu24;', 'linux;windows;', 'USA'),
('P58-15', 'P5Zone8', 'cpu2;cpu3;cpu24;', 'linux;windows;', 'USA'),
('P58-16', 'P5Zone8', 'cpu2;cpu3;cpu24;', 'linux;windows;', 'USA'),
('P58-17', 'P5Zone8', 'cpu2;cpu3;cpu24;', 'linux;windows;', 'USA'),
('P58-18', 'P5Zone8', 'cpu2;cpu3;cpu24;', 'linux;windows;', 'USA'),
('P58-19', 'P5Zone8', 'cpu2;cpu3;cpu24;', 'linux;windows;', 'USA'),
('P59-012', 'P5Zone9', 'cpu2;cpu3;cpu24;', 'linux;windows;', 'USA'),
('P59-013', 'P5Zone9', 'cpu2;cpu3;cpu24;', 'linux;windows;', 'USA'),
('P59-014', 'P5Zone9', 'cpu2;cpu3;cpu24;', 'linux;windows;', 'USA'),
('P59-015', 'P5Zone9', 'cpu2;cpu3;cpu24;', 'linux;windows;', 'USA'),
('P59-016', 'P5Zone9', 'cpu2;cpu3;cpu24;', 'linux;windows;', 'USA'),
('P59-017', 'P5Zone9', 'cpu2;cpu3;cpu24;', 'linux;windows;', 'USA'),
('P59-018', 'P5Zone9', 'cpu2;cpu3;cpu24;', 'linux;windows;', 'USA'),
('P59-019', 'P5Zone9', 'cpu2;cpu3;cpu24;', 'linux;windows;', 'USA'),
('P59-02', 'P5Zone9', 'cpu2;cpu3;cpu24;', 'linux;windows;', 'USA'),
('P59-020', 'P5Zone9', 'cpu2;cpu3;cpu24;', 'linux;windows;', 'USA'),
('P59-021', 'P5Zone9', 'cpu2;cpu3;cpu24;', 'linux;windows;', 'USA'),
('P59-022', 'P5Zone9', 'cpu2;cpu3;cpu24;', 'linux;windows;', 'USA'),
('P59-023', 'P5Zone9', 'cpu2;cpu3;cpu24;', 'linux;windows;', 'USA'),
('P59-024', 'P5Zone9', 'cpu2;cpu3;cpu24;', 'linux;windows;', 'USA'),
('P59-025', 'P5Zone9', 'cpu2;cpu3;cpu24;', 'linux;windows;', 'USA'),
('P59-026', 'P5Zone9', 'cpu2;cpu3;cpu24;', 'linux;windows;', 'USA'),
('P59-027', 'P5Zone9', 'cpu2;cpu3;cpu24;', 'linux;windows;', 'USA'),
('P59-028', 'P5Zone9', 'cpu2;cpu3;cpu24;', 'linux;windows;', 'USA'),
('P59-029', 'P5Zone9', 'cpu2;cpu3;cpu24;', 'linux;windows;', 'USA'),
('P59-03', 'P5Zone9', 'cpu2;cpu3;cpu24;', 'linux;windows;', 'USA'),
('P59-030', 'P5Zone9', 'cpu2;cpu3;cpu24;', 'linux;windows;', 'USA'),
('P59-031', 'P5Zone9', 'cpu2;cpu3;cpu24;', 'linux;windows;', 'USA'),
('P59-04', 'P5Zone9', 'cpu2;cpu3;cpu24;', 'linux;windows;', 'USA'),
('P59-05', 'P5Zone9', 'cpu2;cpu3;cpu24;', 'linux;windows;', 'USA'),
('P59-06', 'P5Zone9', 'cpu2;cpu3;cpu24;', 'linux;windows;', 'USA'),
('P59-07', 'P5Zone9', 'cpu2;cpu3;cpu24;', 'linux;windows;', 'USA'),
('P59-08', 'P5Zone9', 'cpu2;cpu3;cpu24;', 'linux;windows;', 'USA'),
('P59-09', 'P5Zone9', 'cpu2;cpu3;cpu24;', 'linux;windows;', 'USA'),
('P59-11', 'P5Zone9', 'cpu2;cpu3;cpu24;', 'linux;windows;', 'USA'),
('P59-110', 'P5Zone9', 'cpu2;cpu3;cpu24;', 'linux;windows;', 'USA'),
('P59-111', 'P5Zone9', 'cpu2;cpu3;cpu24;', 'linux;windows;', 'USA'),
('P59-112', 'P5Zone9', 'cpu2;cpu3;cpu24;', 'linux;windows;', 'USA'),
('P59-113', 'P5Zone9', 'cpu2;cpu3;cpu24;', 'linux;windows;', 'USA'),
('P59-114', 'P5Zone9', 'cpu2;cpu3;cpu24;', 'linux;windows;', 'USA'),
('P59-115', 'P5Zone9', 'cpu2;cpu3;cpu24;', 'linux;windows;', 'USA'),
('P59-116', 'P5Zone9', 'cpu2;cpu3;cpu24;', 'linux;windows;', 'USA'),
('P59-117', 'P5Zone9', 'cpu2;cpu3;cpu24;', 'linux;windows;', 'USA'),
('P59-118', 'P5Zone9', 'cpu2;cpu3;cpu24;', 'linux;windows;', 'USA'),
('P59-119', 'P5Zone9', 'cpu2;cpu3;cpu24;', 'linux;windows;', 'USA'),
('P59-12', 'P5Zone9', 'cpu2;cpu3;cpu24;', 'linux;windows;', 'USA'),
('P59-120', 'P5Zone9', 'cpu2;cpu3;cpu24;', 'linux;windows;', 'USA'),
('P59-121', 'P5Zone9', 'cpu2;cpu3;cpu24;', 'linux;windows;', 'USA'),
('P59-122', 'P5Zone9', 'cpu2;cpu3;cpu24;', 'linux;windows;', 'USA'),
('P59-123', 'P5Zone9', 'cpu2;cpu3;cpu24;', 'linux;windows;', 'USA'),
('P59-124', 'P5Zone9', 'cpu2;cpu3;cpu24;', 'linux;windows;', 'USA'),
('P59-125', 'P5Zone9', 'cpu2;cpu3;cpu24;', 'linux;windows;', 'USA'),
('P59-126', 'P5Zone9', 'cpu2;cpu3;cpu24;', 'linux;windows;', 'USA'),
('P59-127', 'P5Zone9', 'cpu2;cpu3;cpu24;', 'linux;windows;', 'USA'),
('P59-128', 'P5Zone9', 'cpu2;cpu3;cpu24;', 'linux;windows;', 'USA'),
('P59-129', 'P5Zone9', 'cpu2;cpu3;cpu24;', 'linux;windows;', 'USA'),
('P59-13', 'P5Zone9', 'cpu2;cpu3;cpu24;', 'linux;windows;', 'USA'),
('P59-130', 'P5Zone9', 'cpu2;cpu3;cpu24;', 'linux;windows;', 'USA'),
('P59-131', 'P5Zone9', 'cpu2;cpu3;cpu24;', 'linux;windows;', 'USA'),
('P59-14', 'P5Zone9', 'cpu2;cpu3;cpu24;', 'linux;windows;', 'USA'),
('P59-15', 'P5Zone9', 'cpu2;cpu3;cpu24;', 'linux;windows;', 'USA'),
('P59-16', 'P5Zone9', 'cpu2;cpu3;cpu24;', 'linux;windows;', 'USA'),
('P59-17', 'P5Zone9', 'cpu2;cpu3;cpu24;', 'linux;windows;', 'USA'),
('P59-18', 'P5Zone9', 'cpu2;cpu3;cpu24;', 'linux;windows;', 'USA'),
('P59-19', 'P5Zone9', 'cpu2;cpu3;cpu24;', 'linux;windows;', 'USA'),
('P61-01', 'P6Zone1', 'cpu2;cpu3;cpu24;', 'linux;windows;', 'USA'),
('P61-010', 'P6Zone1', 'cpu2;cpu3;cpu24;', 'linux;windows;', 'USA'),
('P61-012', 'P6Zone1', 'cpu2;cpu3;cpu24;', 'linux;windows;', 'USA'),
('P61-013', 'P6Zone1', 'cpu2;cpu3;cpu24;', 'linux;windows;', 'USA'),
('P61-014', 'P6Zone1', 'cpu2;cpu3;cpu24;', 'linux;windows;', 'USA'),
('P61-015', 'P6Zone1', 'cpu2;cpu3;cpu24;', 'linux;windows;', 'USA'),
('P61-016', 'P6Zone1', 'cpu2;cpu3;cpu24;', 'linux;windows;', 'USA'),
('P61-017', 'P6Zone1', 'cpu2;cpu3;cpu24;', 'linux;windows;', 'USA'),
('P61-018', 'P6Zone1', 'cpu2;cpu3;cpu24;', 'linux;windows;', 'USA'),
('P61-019', 'P6Zone1', 'cpu2;cpu3;cpu24;', 'linux;windows;', 'USA'),
('P61-02', 'P6Zone1', 'cpu2;cpu3;cpu24;', 'linux;windows;', 'USA'),
('P61-020', 'P6Zone1', 'cpu2;cpu3;cpu24;', 'linux;windows;', 'USA'),
('P61-021', 'P6Zone1', 'cpu2;cpu3;cpu24;', 'linux;windows;', 'USA'),
('P61-022', 'P6Zone1', 'cpu2;cpu3;cpu24;', 'linux;windows;', 'USA'),
('P61-023', 'P6Zone1', 'cpu2;cpu3;cpu24;', 'linux;windows;', 'USA'),
('P61-024', 'P6Zone1', 'cpu2;cpu3;cpu24;', 'linux;windows;', 'USA'),
('P61-025', 'P6Zone1', 'cpu2;cpu3;cpu24;', 'linux;windows;', 'USA'),
('P61-026', 'P6Zone1', 'cpu2;cpu3;cpu24;', 'linux;windows;', 'USA'),
('P61-027', 'P6Zone1', 'cpu2;cpu3;cpu24;', 'linux;windows;', 'USA'),
('P61-028', 'P6Zone1', 'cpu2;cpu3;cpu24;', 'linux;windows;', 'USA'),
('P61-029', 'P6Zone1', 'cpu2;cpu3;cpu24;', 'linux;windows;', 'USA'),
('P61-03', 'P6Zone1', 'cpu2;cpu3;cpu24;', 'linux;windows;', 'USA'),
('P61-030', 'P6Zone1', 'cpu2;cpu3;cpu24;', 'linux;windows;', 'USA'),
('P61-031', 'P6Zone1', 'cpu2;cpu3;cpu24;', 'linux;windows;', 'USA'),
('P61-05', 'P6Zone1', 'cpu2;cpu3;cpu24;', 'linux;windows;', 'USA'),
('P61-06', 'P6Zone1', 'cpu2;cpu3;cpu24;', 'linux;windows;', 'USA'),
('P61-07', 'P6Zone1', 'cpu2;cpu3;cpu24;', 'linux;windows;', 'USA'),
('P61-08', 'P6Zone1', 'cpu2;cpu3;cpu24;', 'linux;windows;', 'USA'),
('P61-09', 'P6Zone1', 'cpu2;cpu3;cpu24;', 'linux;windows;', 'USA'),
('P61-1', 'P6Zone1', 'cpu2;cpu3;cpu24;', 'linux;windows;', 'USA'),
('P61-10', 'P6Zone1', 'cpu2;cpu3;cpu24;', 'linux;windows;', 'USA'),
('P61-12', 'P6Zone1', 'cpu2;cpu3;cpu24;', 'linux;windows;', 'USA'),
('P61-13', 'P6Zone1', 'cpu2;cpu3;cpu24;', 'linux;windows;', 'USA'),
('P61-14', 'P6Zone1', 'cpu2;cpu3;cpu24;', 'linux;windows;', 'USA'),
('P61-15', 'P6Zone1', 'cpu2;cpu3;cpu24;', 'linux;windows;', 'USA'),
('P61-16', 'P6Zone1', 'cpu2;cpu3;cpu24;', 'linux;windows;', 'USA'),
('P61-17', 'P6Zone1', 'cpu2;cpu3;cpu24;', 'linux;windows;', 'USA'),
('P61-18', 'P6Zone1', 'cpu2;cpu3;cpu24;', 'linux;windows;', 'USA'),
('P61-19', 'P6Zone1', 'cpu2;cpu3;cpu24;', 'linux;windows;', 'USA'),
('P61-2', 'P6Zone1', 'cpu2;cpu3;cpu24;', 'linux;windows;', 'USA'),
('P61-20', 'P6Zone1', 'cpu2;cpu3;cpu24;', 'linux;windows;', 'USA'),
('P61-21', 'P6Zone1', 'cpu2;cpu3;cpu24;', 'linux;windows;', 'USA'),
('P61-22', 'P6Zone1', 'cpu2;cpu3;cpu24;', 'linux;windows;', 'USA'),
('P61-23', 'P6Zone1', 'cpu2;cpu3;cpu24;', 'linux;windows;', 'USA'),
('P61-24', 'P6Zone1', 'cpu2;cpu3;cpu24;', 'linux;windows;', 'USA'),
('P61-25', 'P6Zone1', 'cpu2;cpu3;cpu24;', 'linux;windows;', 'USA'),
('P61-26', 'P6Zone1', 'cpu2;cpu3;cpu24;', 'linux;windows;', 'USA'),
('P61-27', 'P6Zone1', 'cpu2;cpu3;cpu24;', 'linux;windows;', 'USA'),
('P61-28', 'P6Zone1', 'cpu2;cpu3;cpu24;', 'linux;windows;', 'USA'),
('P61-29', 'P6Zone1', 'cpu2;cpu3;cpu24;', 'linux;windows;', 'USA'),
('P61-3', 'P6Zone1', 'cpu2;cpu3;cpu24;', 'linux;windows;', 'USA'),
('P61-30', 'P6Zone1', 'cpu2;cpu3;cpu24;', 'linux;windows;', 'USA'),
('P61-31', 'P6Zone1', 'cpu2;cpu3;cpu24;', 'linux;windows;', 'USA'),
('P61-5', 'P6Zone1', 'cpu2;cpu3;cpu24;', 'linux;windows;', 'USA'),
('P61-6', 'P6Zone1', 'cpu2;cpu3;cpu24;', 'linux;windows;', 'USA'),
('P61-7', 'P6Zone1', 'cpu2;cpu3;cpu24;', 'linux;windows;', 'USA'),
('P61-8', 'P6Zone1', 'cpu2;cpu3;cpu24;', 'linux;windows;', 'USA'),
('P61-9', 'P6Zone1', 'cpu2;cpu3;cpu24;', 'linux;windows;', 'USA'),
('P610-11', 'P6Zone10', 'cpu2;cpu3;cpu24;', 'linux;windows;', 'USA'),
('P610-110', 'P6Zone10', 'cpu2;cpu3;cpu24;', 'linux;windows;', 'USA'),
('P610-1110', 'P6Zone10', 'cpu2;cpu3;cpu24;', 'linux;windows;', 'USA'),
('P610-1111', 'P6Zone10', 'cpu2;cpu3;cpu24;', 'linux;windows;', 'USA'),
('P610-1112', 'P6Zone10', 'cpu2;cpu3;cpu24;', 'linux;windows;', 'USA'),
('P610-1113', 'P6Zone10', 'cpu2;cpu3;cpu24;', 'linux;windows;', 'USA'),
('P610-1114', 'P6Zone10', 'cpu2;cpu3;cpu24;', 'linux;windows;', 'USA'),
('P610-1115', 'P6Zone10', 'cpu2;cpu3;cpu24;', 'linux;windows;', 'USA'),
('P610-1116', 'P6Zone10', 'cpu2;cpu3;cpu24;', 'linux;windows;', 'USA'),
('P610-1117', 'P6Zone10', 'cpu2;cpu3;cpu24;', 'linux;windows;', 'USA'),
('P610-1118', 'P6Zone10', 'cpu2;cpu3;cpu24;', 'linux;windows;', 'USA'),
('P610-1119', 'P6Zone10', 'cpu2;cpu3;cpu24;', 'linux;windows;', 'USA'),
('P610-112', 'P6Zone10', 'cpu2;cpu3;cpu24;', 'linux;windows;', 'USA'),
('P610-1120', 'P6Zone10', 'cpu2;cpu3;cpu24;', 'linux;windows;', 'USA'),
('P610-1121', 'P6Zone10', 'cpu2;cpu3;cpu24;', 'linux;windows;', 'USA'),
('P610-1122', 'P6Zone10', 'cpu2;cpu3;cpu24;', 'linux;windows;', 'USA'),
('P610-1123', 'P6Zone10', 'cpu2;cpu3;cpu24;', 'linux;windows;', 'USA'),
('P610-1124', 'P6Zone10', 'cpu2;cpu3;cpu24;', 'linux;windows;', 'USA'),
('P610-1125', 'P6Zone10', 'cpu2;cpu3;cpu24;', 'linux;windows;', 'USA'),
('P610-1126', 'P6Zone10', 'cpu2;cpu3;cpu24;', 'linux;windows;', 'USA'),
('P610-1127', 'P6Zone10', 'cpu2;cpu3;cpu24;', 'linux;windows;', 'USA'),
('P610-1128', 'P6Zone10', 'cpu2;cpu3;cpu24;', 'linux;windows;', 'USA'),
('P610-1129', 'P6Zone10', 'cpu2;cpu3;cpu24;', 'linux;windows;', 'USA'),
('P610-113', 'P6Zone10', 'cpu2;cpu3;cpu24;', 'linux;windows;', 'USA'),
('P610-1130', 'P6Zone10', 'cpu2;cpu3;cpu24;', 'linux;windows;', 'USA'),
('P610-1131', 'P6Zone10', 'cpu2;cpu3;cpu24;', 'linux;windows;', 'USA'),
('P610-114', 'P6Zone10', 'cpu2;cpu3;cpu24;', 'linux;windows;', 'USA'),
('P610-115', 'P6Zone10', 'cpu2;cpu3;cpu24;', 'linux;windows;', 'USA'),
('P610-116', 'P6Zone10', 'cpu2;cpu3;cpu24;', 'linux;windows;', 'USA'),
('P610-117', 'P6Zone10', 'cpu2;cpu3;cpu24;', 'linux;windows;', 'USA'),
('P610-118', 'P6Zone10', 'cpu2;cpu3;cpu24;', 'linux;windows;', 'USA'),
('P610-119', 'P6Zone10', 'cpu2;cpu3;cpu24;', 'linux;windows;', 'USA'),
('P610-12', 'P6Zone10', 'cpu2;cpu3;cpu24;', 'linux;windows;', 'USA'),
('P610-120', 'P6Zone10', 'cpu2;cpu3;cpu24;', 'linux;windows;', 'USA'),
('P610-121', 'P6Zone10', 'cpu2;cpu3;cpu24;', 'linux;windows;', 'USA'),
('P610-122', 'P6Zone10', 'cpu2;cpu3;cpu24;', 'linux;windows;', 'USA'),
('P610-123', 'P6Zone10', 'cpu2;cpu3;cpu24;', 'linux;windows;', 'USA'),
('P610-124', 'P6Zone10', 'cpu2;cpu3;cpu24;', 'linux;windows;', 'USA'),
('P610-125', 'P6Zone10', 'cpu2;cpu3;cpu24;', 'linux;windows;', 'USA'),
('P610-126', 'P6Zone10', 'cpu2;cpu3;cpu24;', 'linux;windows;', 'USA'),
('P610-127', 'P6Zone10', 'cpu2;cpu3;cpu24;', 'linux;windows;', 'USA'),
('P610-128', 'P6Zone10', 'cpu2;cpu3;cpu24;', 'linux;windows;', 'USA'),
('P610-129', 'P6Zone10', 'cpu2;cpu3;cpu24;', 'linux;windows;', 'USA'),
('P610-13', 'P6Zone10', 'cpu2;cpu3;cpu24;', 'linux;windows;', 'USA'),
('P610-130', 'P6Zone10', 'cpu2;cpu3;cpu24;', 'linux;windows;', 'USA'),
('P610-131', 'P6Zone10', 'cpu2;cpu3;cpu24;', 'linux;windows;', 'USA'),
('P610-14', 'P6Zone10', 'cpu2;cpu3;cpu24;', 'linux;windows;', 'USA'),
('P610-15', 'P6Zone10', 'cpu2;cpu3;cpu24;', 'linux;windows;', 'USA'),
('P610-16', 'P6Zone10', 'cpu2;cpu3;cpu24;', 'linux;windows;', 'USA'),
('P610-17', 'P6Zone10', 'cpu2;cpu3;cpu24;', 'linux;windows;', 'USA'),
('P610-18', 'P6Zone10', 'cpu2;cpu3;cpu24;', 'linux;windows;', 'USA'),
('P610-19', 'P6Zone10', 'cpu2;cpu3;cpu24;', 'linux;windows;', 'USA'),
('P610-216', 'P6Zone10', 'cpu2;cpu3;cpu24;', 'linux;windows;', 'USA'),
('P610-217', 'P6Zone10', 'cpu2;cpu3;cpu24;', 'linux;windows;', 'USA'),
('P610-218', 'P6Zone10', 'cpu2;cpu3;cpu24;', 'linux;windows;', 'USA'),
('P610-219', 'P6Zone10', 'cpu2;cpu3;cpu24;', 'linux;windows;', 'USA'),
('P610-91', 'P6Zone10', 'cpu2;cpu3;cpu24;', 'linux;windows;', 'USA'),
('P610-910', 'P6Zone10', 'cpu2;cpu3;cpu24;', 'linux;windows;', 'USA'),
('P610-9110', 'P6Zone10', 'cpu2;cpu3;cpu24;', 'linux;windows;', 'USA'),
('P610-9111', 'P6Zone10', 'cpu2;cpu3;cpu24;', 'linux;windows;', 'USA'),
('P610-9112', 'P6Zone10', 'cpu2;cpu3;cpu24;', 'linux;windows;', 'USA'),
('P610-9113', 'P6Zone10', 'cpu2;cpu3;cpu24;', 'linux;windows;', 'USA'),
('P610-9114', 'P6Zone10', 'cpu2;cpu3;cpu24;', 'linux;windows;', 'USA'),
('P610-9115', 'P6Zone10', 'cpu2;cpu3;cpu24;', 'linux;windows;', 'USA'),
('P610-9116', 'P6Zone10', 'cpu2;cpu3;cpu24;', 'linux;windows;', 'USA'),
('P610-9117', 'P6Zone10', 'cpu2;cpu3;cpu24;', 'linux;windows;', 'USA'),
('P610-9118', 'P6Zone10', 'cpu2;cpu3;cpu24;', 'linux;windows;', 'USA'),
('P610-9119', 'P6Zone10', 'cpu2;cpu3;cpu24;', 'linux;windows;', 'USA'),
('P610-912', 'P6Zone10', 'cpu2;cpu3;cpu24;', 'linux;windows;', 'USA'),
('P610-9120', 'P6Zone10', 'cpu2;cpu3;cpu24;', 'linux;windows;', 'USA'),
('P610-9121', 'P6Zone10', 'cpu2;cpu3;cpu24;', 'linux;windows;', 'USA'),
('P610-9122', 'P6Zone10', 'cpu2;cpu3;cpu24;', 'linux;windows;', 'USA'),
('P610-9123', 'P6Zone10', 'cpu2;cpu3;cpu24;', 'linux;windows;', 'USA'),
('P610-9124', 'P6Zone10', 'cpu2;cpu3;cpu24;', 'linux;windows;', 'USA'),
('P610-9125', 'P6Zone10', 'cpu2;cpu3;cpu24;', 'linux;windows;', 'USA'),
('P610-9126', 'P6Zone10', 'cpu2;cpu3;cpu24;', 'linux;windows;', 'USA'),
('P610-9127', 'P6Zone10', 'cpu2;cpu3;cpu24;', 'linux;windows;', 'USA'),
('P610-9128', 'P6Zone10', 'cpu2;cpu3;cpu24;', 'linux;windows;', 'USA'),
('P610-9129', 'P6Zone10', 'cpu2;cpu3;cpu24;', 'linux;windows;', 'USA'),
('P610-913', 'P6Zone10', 'cpu2;cpu3;cpu24;', 'linux;windows;', 'USA'),
('P610-9130', 'P6Zone10', 'cpu2;cpu3;cpu24;', 'linux;windows;', 'USA'),
('P610-9131', 'P6Zone10', 'cpu2;cpu3;cpu24;', 'linux;windows;', 'USA'),
('P610-914', 'P6Zone10', 'cpu2;cpu3;cpu24;', 'linux;windows;', 'USA'),
('P610-915', 'P6Zone10', 'cpu2;cpu3;cpu24;', 'linux;windows;', 'USA'),
('P610-916', 'P6Zone10', 'cpu2;cpu3;cpu24;', 'linux;windows;', 'USA'),
('P610-917', 'P6Zone10', 'cpu2;cpu3;cpu24;', 'linux;windows;', 'USA'),
('P610-918', 'P6Zone10', 'cpu2;cpu3;cpu24;', 'linux;windows;', 'USA'),
('P610-919', 'P6Zone10', 'cpu2;cpu3;cpu24;', 'linux;windows;', 'USA'),
('P610-92', 'P6Zone10', 'cpu2;cpu3;cpu24;', 'linux;windows;', 'USA'),
('P610-920', 'P6Zone10', 'cpu2;cpu3;cpu24;', 'linux;windows;', 'USA'),
('P610-921', 'P6Zone10', 'cpu2;cpu3;cpu24;', 'linux;windows;', 'USA'),
('P610-9216', 'P6Zone10', 'cpu2;cpu3;cpu24;', 'linux;windows;', 'USA'),
('P610-9217', 'P6Zone10', 'cpu2;cpu3;cpu24;', 'linux;windows;', 'USA'),
('P610-9218', 'P6Zone10', 'cpu2;cpu3;cpu24;', 'linux;windows;', 'USA'),
('P610-9219', 'P6Zone10', 'cpu2;cpu3;cpu24;', 'linux;windows;', 'USA'),
('P610-922', 'P6Zone10', 'cpu2;cpu3;cpu24;', 'linux;windows;', 'USA'),
('P610-923', 'P6Zone10', 'cpu2;cpu3;cpu24;', 'linux;windows;', 'USA'),
('P610-924', 'P6Zone10', 'cpu2;cpu3;cpu24;', 'linux;windows;', 'USA'),
('P610-925', 'P6Zone10', 'cpu2;cpu3;cpu24;', 'linux;windows;', 'USA'),
('P610-926', 'P6Zone10', 'cpu2;cpu3;cpu24;', 'linux;windows;', 'USA'),
('P610-927', 'P6Zone10', 'cpu2;cpu3;cpu24;', 'linux;windows;', 'USA'),
('P610-928', 'P6Zone10', 'cpu2;cpu3;cpu24;', 'linux;windows;', 'USA'),
('P610-929', 'P6Zone10', 'cpu2;cpu3;cpu24;', 'linux;windows;', 'USA'),
('P610-93', 'P6Zone10', 'cpu2;cpu3;cpu24;', 'linux;windows;', 'USA'),
('P610-930', 'P6Zone10', 'cpu2;cpu3;cpu24;', 'linux;windows;', 'USA'),
('P610-931', 'P6Zone10', 'cpu2;cpu3;cpu24;', 'linux;windows;', 'USA'),
('P610-94', 'P6Zone10', 'cpu2;cpu3;cpu24;', 'linux;windows;', 'USA'),
('P610-95', 'P6Zone10', 'cpu2;cpu3;cpu24;', 'linux;windows;', 'USA'),
('P610-96', 'P6Zone10', 'cpu2;cpu3;cpu24;', 'linux;windows;', 'USA'),
('P610-97', 'P6Zone10', 'cpu2;cpu3;cpu24;', 'linux;windows;', 'USA'),
('P610-98', 'P6Zone10', 'cpu2;cpu3;cpu24;', 'linux;windows;', 'USA'),
('P610-99', 'P6Zone10', 'cpu2;cpu3;cpu24;', 'linux;windows;', 'USA'),
('P62-01', 'P6Zone2', 'cpu2;cpu3;cpu24;', 'linux;windows;', 'Asia'),
('P62-010', 'P6Zone2', 'cpu2;cpu3;cpu24;', 'linux;windows;', 'USA'),
('P62-012', 'P6Zone2', 'cpu2;cpu3;cpu24;', 'linux;windows;', 'USA'),
('P62-013', 'P6Zone2', 'cpu2;cpu3;cpu24;', 'linux;windows;', 'USA'),
('P62-014', 'P6Zone2', 'cpu2;cpu3;cpu24;', 'linux;windows;', 'USA'),
('P62-015', 'P6Zone2', 'cpu2;cpu3;cpu24;', 'linux;windows;', 'USA'),
('P62-016', 'P6Zone2', 'cpu2;cpu3;cpu24;', 'linux;windows;', 'USA'),
('P62-017', 'P6Zone2', 'cpu2;cpu3;cpu24;', 'linux;windows;', 'USA'),
('P62-018', 'P6Zone2', 'cpu2;cpu3;cpu24;', 'linux;windows;', 'USA'),
('P62-019', 'P6Zone2', 'cpu2;cpu3;cpu24;', 'linux;windows;', 'USA'),
('P62-02', 'P6Zone2', 'cpu2;cpu3;cpu24;', 'linux;windows;', 'Asia'),
('P62-020', 'P6Zone2', 'cpu2;cpu3;cpu24;', 'linux;windows;', 'USA'),
('P62-021', 'P6Zone2', 'cpu2;cpu3;cpu24;', 'linux;windows;', 'USA'),
('P62-022', 'P6Zone2', 'cpu2;cpu3;cpu24;', 'linux;windows;', 'USA'),
('P62-023', 'P6Zone2', 'cpu2;cpu3;cpu24;', 'linux;windows;', 'USA'),
('P62-024', 'P6Zone2', 'cpu2;cpu3;cpu24;', 'linux;windows;', 'USA'),
('P62-025', 'P6Zone2', 'cpu2;cpu3;cpu24;', 'linux;windows;', 'USA'),
('P62-026', 'P6Zone2', 'cpu2;cpu3;cpu24;', 'linux;windows;', 'USA'),
('P62-027', 'P6Zone2', 'cpu2;cpu3;cpu24;', 'linux;windows;', 'USA'),
('P62-028', 'P6Zone2', 'cpu2;cpu3;cpu24;', 'linux;windows;', 'USA'),
('P62-029', 'P6Zone2', 'cpu2;cpu3;cpu24;', 'linux;windows;', 'USA'),
('P62-03', 'P6Zone2', 'cpu2;cpu3;cpu24;', 'linux;windows;', 'Asia'),
('P62-030', 'P6Zone2', 'cpu2;cpu3;cpu24;', 'linux;windows;', 'USA'),
('P62-031', 'P6Zone2', 'cpu2;cpu3;cpu24;', 'linux;windows;', 'USA'),
('P62-04', 'P6Zone2', 'cpu2;cpu3;cpu24;', 'linux;windows;', 'Asia'),
('P62-06', 'P6Zone2', 'cpu2;cpu3;cpu24;', 'linux;windows;', 'USA'),
('P62-07', 'P6Zone2', 'cpu2;cpu3;cpu24;', 'linux;windows;', 'USA'),
('P62-08', 'P6Zone2', 'cpu2;cpu3;cpu24;', 'linux;windows;', 'USA'),
('P62-09', 'P6Zone2', 'cpu2;cpu3;cpu24;', 'linux;windows;', 'USA'),
('P62-1', 'P6Zone2', 'cpu2;cpu3;cpu24;', 'linux;windows;', 'Asia'),
('P62-10', 'P6Zone2', 'cpu2;cpu3;cpu24;', 'linux;windows;', 'USA'),
('P62-12', 'P6Zone2', 'cpu2;cpu3;cpu24;', 'linux;windows;', 'USA'),
('P62-13', 'P6Zone2', 'cpu2;cpu3;cpu24;', 'linux;windows;', 'USA'),
('P62-14', 'P6Zone2', 'cpu2;cpu3;cpu24;', 'linux;windows;', 'USA'),
('P62-15', 'P6Zone2', 'cpu2;cpu3;cpu24;', 'linux;windows;', 'USA'),
('P62-16', 'P6Zone2', 'cpu2;cpu3;cpu24;', 'linux;windows;', 'USA'),
('P62-17', 'P6Zone2', 'cpu2;cpu3;cpu24;', 'linux;windows;', 'USA'),
('P62-18', 'P6Zone2', 'cpu2;cpu3;cpu24;', 'linux;windows;', 'USA'),
('P62-19', 'P6Zone2', 'cpu2;cpu3;cpu24;', 'linux;windows;', 'USA'),
('P62-2', 'P6Zone2', 'cpu2;cpu3;cpu24;', 'linux;windows;', 'Asia'),
('P62-20', 'P6Zone2', 'cpu2;cpu3;cpu24;', 'linux;windows;', 'USA'),
('P62-21', 'P6Zone2', 'cpu2;cpu3;cpu24;', 'linux;windows;', 'USA'),
('P62-22', 'P6Zone2', 'cpu2;cpu3;cpu24;', 'linux;windows;', 'USA'),
('P62-23', 'P6Zone2', 'cpu2;cpu3;cpu24;', 'linux;windows;', 'USA'),
('P62-24', 'P6Zone2', 'cpu2;cpu3;cpu24;', 'linux;windows;', 'USA'),
('P62-25', 'P6Zone2', 'cpu2;cpu3;cpu24;', 'linux;windows;', 'USA'),
('P62-26', 'P6Zone2', 'cpu2;cpu3;cpu24;', 'linux;windows;', 'USA'),
('P62-27', 'P6Zone2', 'cpu2;cpu3;cpu24;', 'linux;windows;', 'USA'),
('P62-28', 'P6Zone2', 'cpu2;cpu3;cpu24;', 'linux;windows;', 'USA'),
('P62-29', 'P6Zone2', 'cpu2;cpu3;cpu24;', 'linux;windows;', 'USA'),
('P62-3', 'P6Zone2', 'cpu2;cpu3;cpu24;', 'linux;windows;', 'Asia'),
('P62-30', 'P6Zone2', 'cpu2;cpu3;cpu24;', 'linux;windows;', 'USA'),
('P62-31', 'P6Zone2', 'cpu2;cpu3;cpu24;', 'linux;windows;', 'USA'),
('P62-4', 'P6Zone2', 'cpu2;cpu3;cpu24;', 'linux;windows;', 'Asia'),
('P62-6', 'P6Zone2', 'cpu2;cpu3;cpu24;', 'linux;windows;', 'USA'),
('P62-7', 'P6Zone2', 'cpu2;cpu3;cpu24;', 'linux;windows;', 'USA'),
('P62-8', 'P6Zone2', 'cpu2;cpu3;cpu24;', 'linux;windows;', 'USA'),
('P62-9', 'P6Zone2', 'cpu2;cpu3;cpu24;', 'linux;windows;', 'USA'),
('P63-011', 'P6Zone3', 'cpu2;cpu3;cpu24;', 'linux;windows;', 'EU'),
('P63-0110', 'P6Zone3', 'cpu2;cpu3;cpu24;', 'linux;windows;', 'USA'),
('P63-0111', 'P6Zone3', 'cpu2;cpu3;cpu24;', 'linux;windows;', 'USA'),
('P63-0112', 'P6Zone3', 'cpu2;cpu3;cpu24;', 'linux;windows;', 'USA'),
('P63-0113', 'P6Zone3', 'cpu2;cpu3;cpu24;', 'linux;windows;', 'USA'),
('P63-0114', 'P6Zone3', 'cpu2;cpu3;cpu24;', 'linux;windows;', 'USA'),
('P63-0115', 'P6Zone3', 'cpu2;cpu3;cpu24;', 'linux;windows;', 'USA'),
('P63-0116', 'P6Zone3', 'cpu2;cpu3;cpu24;', 'linux;windows;', 'USA'),
('P63-0117', 'P6Zone3', 'cpu2;cpu3;cpu24;', 'linux;windows;', 'USA'),
('P63-0118', 'P6Zone3', 'cpu2;cpu3;cpu24;', 'linux;windows;', 'USA'),
('P63-0119', 'P6Zone3', 'cpu2;cpu3;cpu24;', 'linux;windows;', 'USA'),
('P63-012', 'P6Zone3', 'cpu2;cpu3;cpu24;', 'linux;windows;', 'EU'),
('P63-0120', 'P6Zone3', 'cpu2;cpu3;cpu24;', 'linux;windows;', 'USA'),
('P63-0121', 'P6Zone3', 'cpu2;cpu3;cpu24;', 'linux;windows;', 'USA'),
('P63-0122', 'P6Zone3', 'cpu2;cpu3;cpu24;', 'linux;windows;', 'USA'),
('P63-0123', 'P6Zone3', 'cpu2;cpu3;cpu24;', 'linux;windows;', 'USA'),
('P63-0124', 'P6Zone3', 'cpu2;cpu3;cpu24;', 'linux;windows;', 'USA'),
('P63-0125', 'P6Zone3', 'cpu2;cpu3;cpu24;', 'linux;windows;', 'USA'),
('P63-0126', 'P6Zone3', 'cpu2;cpu3;cpu24;', 'linux;windows;', 'USA'),
('P63-0127', 'P6Zone3', 'cpu2;cpu3;cpu24;', 'linux;windows;', 'USA'),
('P63-0128', 'P6Zone3', 'cpu2;cpu3;cpu24;', 'linux;windows;', 'USA'),
('P63-0129', 'P6Zone3', 'cpu2;cpu3;cpu24;', 'linux;windows;', 'USA'),
('P63-013', 'P6Zone3', 'cpu2;cpu3;cpu24;', 'linux;windows;', 'EU'),
('P63-0130', 'P6Zone3', 'cpu2;cpu3;cpu24;', 'linux;windows;', 'USA'),
('P63-0131', 'P6Zone3', 'cpu2;cpu3;cpu24;', 'linux;windows;', 'USA'),
('P63-014', 'P6Zone3', 'cpu2;cpu3;cpu24;', 'linux;windows;', 'EU'),
('P63-016', 'P6Zone3', 'cpu2;cpu3;cpu24;', 'linux;windows;', 'USA'),
('P63-017', 'P6Zone3', 'cpu2;cpu3;cpu24;', 'linux;windows;', 'USA'),
('P63-018', 'P6Zone3', 'cpu2;cpu3;cpu24;', 'linux;windows;', 'USA'),
('P63-019', 'P6Zone3', 'cpu2;cpu3;cpu24;', 'linux;windows;', 'USA'),
('P63-11', 'P6Zone3', 'cpu2;cpu3;cpu24;', 'linux;windows;', 'EU'),
('P63-110', 'P6Zone3', 'cpu2;cpu3;cpu24;', 'linux;windows;', 'USA'),
('P63-111', 'P6Zone3', 'cpu2;cpu3;cpu24;', 'linux;windows;', 'USA'),
('P63-112', 'P6Zone3', 'cpu2;cpu3;cpu24;', 'linux;windows;', 'USA'),
('P63-113', 'P6Zone3', 'cpu2;cpu3;cpu24;', 'linux;windows;', 'USA'),
('P63-114', 'P6Zone3', 'cpu2;cpu3;cpu24;', 'linux;windows;', 'USA'),
('P63-115', 'P6Zone3', 'cpu2;cpu3;cpu24;', 'linux;windows;', 'USA'),
('P63-116', 'P6Zone3', 'cpu2;cpu3;cpu24;', 'linux;windows;', 'USA'),
('P63-117', 'P6Zone3', 'cpu2;cpu3;cpu24;', 'linux;windows;', 'USA'),
('P63-118', 'P6Zone3', 'cpu2;cpu3;cpu24;', 'linux;windows;', 'USA'),
('P63-119', 'P6Zone3', 'cpu2;cpu3;cpu24;', 'linux;windows;', 'USA'),
('P63-12', 'P6Zone3', 'cpu2;cpu3;cpu24;', 'linux;windows;', 'EU'),
('P63-120', 'P6Zone3', 'cpu2;cpu3;cpu24;', 'linux;windows;', 'USA'),
('P63-121', 'P6Zone3', 'cpu2;cpu3;cpu24;', 'linux;windows;', 'USA'),
('P63-122', 'P6Zone3', 'cpu2;cpu3;cpu24;', 'linux;windows;', 'USA'),
('P63-123', 'P6Zone3', 'cpu2;cpu3;cpu24;', 'linux;windows;', 'USA'),
('P63-124', 'P6Zone3', 'cpu2;cpu3;cpu24;', 'linux;windows;', 'USA'),
('P63-125', 'P6Zone3', 'cpu2;cpu3;cpu24;', 'linux;windows;', 'USA'),
('P63-126', 'P6Zone3', 'cpu2;cpu3;cpu24;', 'linux;windows;', 'USA'),
('P63-127', 'P6Zone3', 'cpu2;cpu3;cpu24;', 'linux;windows;', 'USA'),
('P63-128', 'P6Zone3', 'cpu2;cpu3;cpu24;', 'linux;windows;', 'USA'),
('P63-129', 'P6Zone3', 'cpu2;cpu3;cpu24;', 'linux;windows;', 'USA'),
('P63-13', 'P6Zone3', 'cpu2;cpu3;cpu24;', 'linux;windows;', 'EU'),
('P63-130', 'P6Zone3', 'cpu2;cpu3;cpu24;', 'linux;windows;', 'USA'),
('P63-131', 'P6Zone3', 'cpu2;cpu3;cpu24;', 'linux;windows;', 'USA'),
('P63-14', 'P6Zone3', 'cpu2;cpu3;cpu24;', 'linux;windows;', 'EU'),
('P63-16', 'P6Zone3', 'cpu2;cpu3;cpu24;', 'linux;windows;', 'USA'),
('P63-17', 'P6Zone3', 'cpu2;cpu3;cpu24;', 'linux;windows;', 'USA'),
('P63-18', 'P6Zone3', 'cpu2;cpu3;cpu24;', 'linux;windows;', 'USA'),
('P63-19', 'P6Zone3', 'cpu2;cpu3;cpu24;', 'linux;windows;', 'USA'),
('P64-011', 'P6Zone4', 'cpu2;cpu3;cpu24;', 'linux;windows;', 'USA'),
('P64-0110', 'P6Zone4', 'cpu2;cpu3;cpu24;', 'linux;windows;', 'Asia'),
('P64-0111', 'P6Zone4', 'cpu2;cpu3;cpu24;', 'linux;windows;', 'Asia'),
('P64-0112', 'P6Zone4', 'cpu2;cpu3;cpu24;', 'linux;windows;', 'Asia'),
('P64-0113', 'P6Zone4', 'cpu2;cpu3;cpu24;', 'linux;windows;', 'Asia'),
('P64-0114', 'P6Zone4', 'cpu2;cpu3;cpu24;', 'linux;windows;', 'Asia'),
('P64-0115', 'P6Zone4', 'cpu2;cpu3;cpu24;', 'linux;windows;', 'Asia'),
('P64-0116', 'P6Zone4', 'cpu2;cpu3;cpu24;', 'linux;windows;', 'Asia'),
('P64-0117', 'P6Zone4', 'cpu2;cpu3;cpu24;', 'linux;windows;', 'Asia'),
('P64-0118', 'P6Zone4', 'cpu2;cpu3;cpu24;', 'linux;windows;', 'Asia'),
('P64-0119', 'P6Zone4', 'cpu2;cpu3;cpu24;', 'linux;windows;', 'Asia'),
('P64-012', 'P3Zone4', 'cpu2;cpu3;cpu24;', 'linux;windows;', 'USA'),
('P64-0120', 'P6Zone4', 'cpu2;cpu3;cpu24;', 'linux;windows;', 'Asia'),
('P64-0121', 'P6Zone4', 'cpu2;cpu3;cpu24;', 'linux;windows;', 'Asia'),
('P64-0122', 'P6Zone4', 'cpu2;cpu3;cpu24;', 'linux;windows;', 'Asia'),
('P64-0123', 'P6Zone4', 'cpu2;cpu3;cpu24;', 'linux;windows;', 'Asia'),
('P64-0124', 'P6Zone4', 'cpu2;cpu3;cpu24;', 'linux;windows;', 'Asia'),
('P64-0125', 'P6Zone4', 'cpu2;cpu3;cpu24;', 'linux;windows;', 'Asia'),
('P64-0126', 'P6Zone4', 'cpu2;cpu3;cpu24;', 'linux;windows;', 'Asia'),
('P64-0127', 'P6Zone4', 'cpu2;cpu3;cpu24;', 'linux;windows;', 'Asia'),
('P64-0128', 'P6Zone4', 'cpu2;cpu3;cpu24;', 'linux;windows;', 'Asia'),
('P64-0129', 'P6Zone4', 'cpu2;cpu3;cpu24;', 'linux;windows;', 'Asia'),
('P64-013', 'P6Zone4', 'cpu2;cpu3;cpu24;', 'linux;windows;', 'USA'),
('P64-0130', 'P6Zone4', 'cpu2;cpu3;cpu24;', 'linux;windows;', 'Asia'),
('P64-0131', 'P6Zone4', 'cpu2;cpu3;cpu24;', 'linux;windows;', 'Asia'),
('P64-0132', 'P6Zone4', 'cpu2;cpu3;cpu24;', 'linux;windows;', 'Asia'),
('P64-0133', 'P6Zone4', 'cpu2;cpu3;cpu24;', 'linux;windows;', 'Asia'),
('P64-0134', 'P6Zone4', 'cpu2;cpu3;cpu24;', 'linux;windows;', 'Asia'),
('P64-0135', 'P6Zone4', 'cpu2;cpu3;cpu24;', 'linux;windows;', 'Asia'),
('P64-0136', 'P6Zone4', 'cpu2;cpu3;cpu24;', 'linux;windows;', 'Asia'),
('P64-0137', 'P6Zone4', 'cpu2;cpu3;cpu24;', 'linux;windows;', 'Asia'),
('P64-0138', 'P6Zone4', 'cpu2;cpu3;cpu24;', 'linux;windows;', 'Asia'),
('P64-0139', 'P6Zone4', 'cpu2;cpu3;cpu24;', 'linux;windows;', 'Asia'),
('P64-014', 'P6Zone4', 'cpu2;cpu3;cpu24;', 'linux;windows;', 'USA'),
('P64-0140', 'P6Zone4', 'cpu2;cpu3;cpu24;', 'linux;windows;', 'Asia'),
('P64-0141', 'P6Zone4', 'cpu2;cpu3;cpu24;', 'linux;windows;', 'Asia'),
('P64-0142', 'P6Zone4', 'cpu2;cpu3;cpu24;', 'linux;windows;', 'Asia'),
('P64-0143', 'P6Zone4', 'cpu2;cpu3;cpu24;', 'linux;windows;', 'Asia'),
('P64-0144', 'P6Zone4', 'cpu2;cpu3;cpu24;', 'linux;windows;', 'Asia'),
('P64-0145', 'P6Zone4', 'cpu2;cpu3;cpu24;', 'linux;windows;', 'Asia'),
('P64-0146', 'P6Zone4', 'cpu2;cpu3;cpu24;', 'linux;windows;', 'Asia'),
('P64-0147', 'P6Zone4', 'cpu2;cpu3;cpu24;', 'linux;windows;', 'Asia'),
('P64-0148', 'P6Zone4', 'cpu2;cpu3;cpu24;', 'linux;windows;', 'Asia'),
('P64-0149', 'P6Zone4', 'cpu2;cpu3;cpu24;', 'linux;windows;', 'Asia'),
('P64-015', 'P6Zone4', 'cpu2;cpu3;cpu24;', 'linux;windows;', 'USA'),
('P64-0150', 'P6Zone4', 'cpu2;cpu3;cpu24;', 'linux;windows;', 'Asia'),
('P64-0151', 'P6Zone4', 'cpu2;cpu3;cpu24;', 'linux;windows;', 'Asia'),
('P64-0152', 'P6Zone4', 'cpu2;cpu3;cpu24;', 'linux;windows;', 'Asia'),
('P64-0153', 'P6Zone4', 'cpu2;cpu3;cpu24;', 'linux;windows;', 'Asia'),
('P64-0154', 'P6Zone4', 'cpu2;cpu3;cpu24;', 'linux;windows;', 'Asia'),
('P64-0155', 'P6Zone4', 'cpu2;cpu3;cpu24;', 'linux;windows;', 'Asia'),
('P64-0156', 'P6Zone4', 'cpu2;cpu3;cpu24;', 'linux;windows;', 'Asia'),
('P64-0157', 'P6Zone4', 'cpu2;cpu3;cpu24;', 'linux;windows;', 'Asia'),
('P64-0158', 'P6Zone4', 'cpu2;cpu3;cpu24;', 'linux;windows;', 'Asia'),
('P64-0159', 'P6Zone4', 'cpu2;cpu3;cpu24;', 'linux;windows;', 'Asia'),
('P64-016', 'P6Zone4', 'cpu2;cpu3;cpu24;', 'linux;windows;', 'USA'),
('P64-017', 'P6Zone4', 'cpu2;cpu3;cpu24;', 'linux;windows;', 'Asia'),
('P64-018', 'P6Zone4', 'cpu2;cpu3;cpu24;', 'linux;windows;', 'Asia'),
('P64-019', 'P6Zone4', 'cpu2;cpu3;cpu24;', 'linux;windows;', 'Asia'),
('P64-11', 'P6Zone4', 'cpu2;cpu3;cpu24;', 'linux;windows;', 'USA'),
('P64-110', 'P6Zone4', 'cpu2;cpu3;cpu24;', 'linux;windows;', 'Asia'),
('P64-111', 'P6Zone4', 'cpu2;cpu3;cpu24;', 'linux;windows;', 'Asia'),
('P64-112', 'P6Zone4', 'cpu2;cpu3;cpu24;', 'linux;windows;', 'Asia'),
('P64-113', 'P6Zone4', 'cpu2;cpu3;cpu24;', 'linux;windows;', 'Asia'),
('P64-114', 'P6Zone4', 'cpu2;cpu3;cpu24;', 'linux;windows;', 'Asia'),
('P64-115', 'P6Zone4', 'cpu2;cpu3;cpu24;', 'linux;windows;', 'Asia'),
('P64-116', 'P6Zone4', 'cpu2;cpu3;cpu24;', 'linux;windows;', 'Asia'),
('P64-117', 'P6Zone4', 'cpu2;cpu3;cpu24;', 'linux;windows;', 'Asia'),
('P64-118', 'P6Zone4', 'cpu2;cpu3;cpu24;', 'linux;windows;', 'Asia'),
('P64-119', 'P6Zone4', 'cpu2;cpu3;cpu24;', 'linux;windows;', 'Asia'),
('P64-12', 'P3Zone4', 'cpu2;cpu3;cpu24;', 'linux;windows;', 'USA'),
('P64-120', 'P6Zone4', 'cpu2;cpu3;cpu24;', 'linux;windows;', 'Asia'),
('P64-121', 'P6Zone4', 'cpu2;cpu3;cpu24;', 'linux;windows;', 'Asia'),
('P64-122', 'P6Zone4', 'cpu2;cpu3;cpu24;', 'linux;windows;', 'Asia'),
('P64-123', 'P6Zone4', 'cpu2;cpu3;cpu24;', 'linux;windows;', 'Asia'),
('P64-124', 'P6Zone4', 'cpu2;cpu3;cpu24;', 'linux;windows;', 'Asia'),
('P64-125', 'P6Zone4', 'cpu2;cpu3;cpu24;', 'linux;windows;', 'Asia'),
('P64-126', 'P6Zone4', 'cpu2;cpu3;cpu24;', 'linux;windows;', 'Asia'),
('P64-127', 'P6Zone4', 'cpu2;cpu3;cpu24;', 'linux;windows;', 'Asia'),
('P64-128', 'P6Zone4', 'cpu2;cpu3;cpu24;', 'linux;windows;', 'Asia'),
('P64-129', 'P6Zone4', 'cpu2;cpu3;cpu24;', 'linux;windows;', 'Asia'),
('P64-13', 'P6Zone4', 'cpu2;cpu3;cpu24;', 'linux;windows;', 'USA'),
('P64-130', 'P6Zone4', 'cpu2;cpu3;cpu24;', 'linux;windows;', 'Asia'),
('P64-131', 'P6Zone4', 'cpu2;cpu3;cpu24;', 'linux;windows;', 'Asia'),
('P64-132', 'P6Zone4', 'cpu2;cpu3;cpu24;', 'linux;windows;', 'Asia'),
('P64-133', 'P6Zone4', 'cpu2;cpu3;cpu24;', 'linux;windows;', 'Asia'),
('P64-134', 'P6Zone4', 'cpu2;cpu3;cpu24;', 'linux;windows;', 'Asia'),
('P64-135', 'P6Zone4', 'cpu2;cpu3;cpu24;', 'linux;windows;', 'Asia'),
('P64-136', 'P6Zone4', 'cpu2;cpu3;cpu24;', 'linux;windows;', 'Asia'),
('P64-137', 'P6Zone4', 'cpu2;cpu3;cpu24;', 'linux;windows;', 'Asia'),
('P64-138', 'P6Zone4', 'cpu2;cpu3;cpu24;', 'linux;windows;', 'Asia'),
('P64-139', 'P6Zone4', 'cpu2;cpu3;cpu24;', 'linux;windows;', 'Asia'),
('P64-14', 'P6Zone4', 'cpu2;cpu3;cpu24;', 'linux;windows;', 'USA'),
('P64-140', 'P6Zone4', 'cpu2;cpu3;cpu24;', 'linux;windows;', 'Asia'),
('P64-141', 'P6Zone4', 'cpu2;cpu3;cpu24;', 'linux;windows;', 'Asia'),
('P64-142', 'P6Zone4', 'cpu2;cpu3;cpu24;', 'linux;windows;', 'Asia'),
('P64-143', 'P6Zone4', 'cpu2;cpu3;cpu24;', 'linux;windows;', 'Asia'),
('P64-144', 'P6Zone4', 'cpu2;cpu3;cpu24;', 'linux;windows;', 'Asia'),
('P64-145', 'P6Zone4', 'cpu2;cpu3;cpu24;', 'linux;windows;', 'Asia'),
('P64-146', 'P6Zone4', 'cpu2;cpu3;cpu24;', 'linux;windows;', 'Asia'),
('P64-147', 'P6Zone4', 'cpu2;cpu3;cpu24;', 'linux;windows;', 'Asia'),
('P64-148', 'P6Zone4', 'cpu2;cpu3;cpu24;', 'linux;windows;', 'Asia'),
('P64-149', 'P6Zone4', 'cpu2;cpu3;cpu24;', 'linux;windows;', 'Asia'),
('P64-15', 'P6Zone4', 'cpu2;cpu3;cpu24;', 'linux;windows;', 'USA'),
('P64-150', 'P6Zone4', 'cpu2;cpu3;cpu24;', 'linux;windows;', 'Asia'),
('P64-151', 'P6Zone4', 'cpu2;cpu3;cpu24;', 'linux;windows;', 'Asia'),
('P64-152', 'P6Zone4', 'cpu2;cpu3;cpu24;', 'linux;windows;', 'Asia'),
('P64-153', 'P6Zone4', 'cpu2;cpu3;cpu24;', 'linux;windows;', 'Asia'),
('P64-154', 'P6Zone4', 'cpu2;cpu3;cpu24;', 'linux;windows;', 'Asia'),
('P64-155', 'P6Zone4', 'cpu2;cpu3;cpu24;', 'linux;windows;', 'Asia'),
('P64-156', 'P6Zone4', 'cpu2;cpu3;cpu24;', 'linux;windows;', 'Asia'),
('P64-157', 'P6Zone4', 'cpu2;cpu3;cpu24;', 'linux;windows;', 'Asia'),
('P64-158', 'P6Zone4', 'cpu2;cpu3;cpu24;', 'linux;windows;', 'Asia'),
('P64-159', 'P6Zone4', 'cpu2;cpu3;cpu24;', 'linux;windows;', 'Asia'),
('P64-16', 'P6Zone4', 'cpu2;cpu3;cpu24;', 'linux;windows;', 'USA'),
('P64-17', 'P6Zone4', 'cpu2;cpu3;cpu24;', 'linux;windows;', 'Asia'),
('P64-18', 'P6Zone4', 'cpu2;cpu3;cpu24;', 'linux;windows;', 'Asia'),
('P64-19', 'P6Zone4', 'cpu2;cpu3;cpu24;', 'linux;windows;', 'Asia'),
('P65-011', 'P6Zone5', 'cpu2;cpu3;cpu24;', 'linux;windows;', 'Asia'),
('P65-0110', 'P6Zone5', 'cpu2;cpu3;cpu24;', 'linux;windows;', 'USA'),
('P65-0111', 'P6Zone5', 'cpu2;cpu3;cpu24;', 'linux;windows;', 'EU'),
('P65-0112', 'P6Zone5', 'cpu2;cpu3;cpu24;', 'linux;windows;', 'EU'),
('P65-0113', 'P6Zone5', 'cpu2;cpu3;cpu24;', 'linux;windows;', 'EU'),
('P65-0114', 'P6Zone5', 'cpu2;cpu3;cpu24;', 'linux;windows;', 'Asia'),
('P65-0115', 'P6Zone5', 'cpu2;cpu3;cpu24;', 'linux;windows;', 'Asia'),
('P65-0116', 'P6Zone5', 'cpu2;cpu3;cpu24;', 'linux;windows;', 'Asia'),
('P65-0117', 'P6Zone5', 'cpu2;cpu3;cpu24;', 'linux;windows;', 'Asia'),
('P65-0118', 'P6Zone5', 'cpu2;cpu3;cpu24;', 'linux;windows;', 'Asia'),
('P65-0119', 'P6Zone5', 'cpu2;cpu3;cpu24;', 'linux;windows;', 'Asia'),
('P65-012', 'P6Zone5', 'cpu2;cpu3;cpu24;', 'linux;windows;', 'Asia'),
('P65-0120', 'P6Zone5', 'cpu2;cpu3;cpu24;', 'linux;windows;', 'Asia'),
('P65-0121', 'P6Zone5', 'cpu2;cpu3;cpu24;', 'linux;windows;', 'Asia'),
('P65-0122', 'P6Zone5', 'cpu2;cpu3;cpu24;', 'linux;windows;', 'Asia'),
('P65-0123', 'P6Zone5', 'cpu2;cpu3;cpu24;', 'linux;windows;', 'Asia'),
('P65-0124', 'P6Zone5', 'cpu2;cpu3;cpu24;', 'linux;windows;', 'Asia'),
('P65-0125', 'P6Zone5', 'cpu2;cpu3;cpu24;', 'linux;windows;', 'Asia'),
('P65-0126', 'P6Zone5', 'cpu2;cpu3;cpu24;', 'linux;windows;', 'Asia'),
('P65-0127', 'P6Zone5', 'cpu2;cpu3;cpu24;', 'linux;windows;', 'Asia'),
('P65-0128', 'P6Zone5', 'cpu2;cpu3;cpu24;', 'linux;windows;', 'Asia'),
('P65-0129', 'P6Zone5', 'cpu2;cpu3;cpu24;', 'linux;windows;', 'Asia'),
('P65-013', 'P6Zone5', 'cpu2;cpu3;cpu24;', 'linux;windows;', 'Asia'),
('P65-0130', 'P6Zone5', 'cpu2;cpu3;cpu24;', 'linux;windows;', 'Asia'),
('P65-0131', 'P6Zone5', 'cpu2;cpu3;cpu24;', 'linux;windows;', 'Asia'),
('P65-0132', 'P6Zone5', 'cpu2;cpu3;cpu24;', 'linux;windows;', 'Asia'),
('P65-0133', 'P6Zone5', 'cpu2;cpu3;cpu24;', 'linux;windows;', 'Asia'),
('P65-0134', 'P6Zone5', 'cpu2;cpu3;cpu24;', 'linux;windows;', 'Asia'),
('P65-0135', 'P6Zone5', 'cpu2;cpu3;cpu24;', 'linux;windows;', 'Asia'),
('P65-0136', 'P6Zone5', 'cpu2;cpu3;cpu24;', 'linux;windows;', 'Asia'),
('P65-0137', 'P6Zone5', 'cpu2;cpu3;cpu24;', 'linux;windows;', 'Asia'),
('P65-0138', 'P6Zone5', 'cpu2;cpu3;cpu24;', 'linux;windows;', 'Asia'),
('P65-0139', 'P6Zone5', 'cpu2;cpu3;cpu24;', 'linux;windows;', 'Asia'),
('P65-014', 'P6Zone5', 'cpu2;cpu3;cpu24;', 'linux;windows;', 'Asia'),
('P65-0140', 'P6Zone5', 'cpu2;cpu3;cpu24;', 'linux;windows;', 'Asia'),
('P65-0141', 'P6Zone5', 'cpu2;cpu3;cpu24;', 'linux;windows;', 'Asia'),
('P65-0142', 'P6Zone5', 'cpu2;cpu3;cpu24;', 'linux;windows;', 'Asia'),
('P65-0143', 'P6Zone5', 'cpu2;cpu3;cpu24;', 'linux;windows;', 'Asia'),
('P65-0144', 'P6Zone5', 'cpu2;cpu3;cpu24;', 'linux;windows;', 'Asia'),
('P65-0145', 'P6Zone5', 'cpu2;cpu3;cpu24;', 'linux;windows;', 'Asia'),
('P65-0146', 'P6Zone5', 'cpu2;cpu3;cpu24;', 'linux;windows;', 'Asia'),
('P65-0147', 'P6Zone5', 'cpu2;cpu3;cpu24;', 'linux;windows;', 'Asia'),
('P65-0148', 'P6Zone5', 'cpu2;cpu3;cpu24;', 'linux;windows;', 'Asia'),
('P65-0149', 'P6Zone5', 'cpu2;cpu3;cpu24;', 'linux;windows;', 'Asia'),
('P65-015', 'P6Zone5', 'cpu2;cpu3;cpu24;', 'linux;windows;', 'Asia'),
('P65-0150', 'P6Zone5', 'cpu2;cpu3;cpu24;', 'linux;windows;', 'Asia'),
('P65-0151', 'P6Zone5', 'cpu2;cpu3;cpu24;', 'linux;windows;', 'Asia'),
('P65-0152', 'P6Zone5', 'cpu2;cpu3;cpu24;', 'linux;windows;', 'Asia'),
('P65-0153', 'P6Zone5', 'cpu2;cpu3;cpu24;', 'linux;windows;', 'Asia'),
('P65-0154', 'P6Zone5', 'cpu2;cpu3;cpu24;', 'linux;windows;', 'Asia'),
('P65-0155', 'P6Zone5', 'cpu2;cpu3;cpu24;', 'linux;windows;', 'Asia'),
('P65-0156', 'P6Zone5', 'cpu2;cpu3;cpu24;', 'linux;windows;', 'Asia'),
('P65-0157', 'P6Zone5', 'cpu2;cpu3;cpu24;', 'linux;windows;', 'Asia'),
('P65-0158', 'P6Zone5', 'cpu2;cpu3;cpu24;', 'linux;windows;', 'Asia'),
('P65-0159', 'P6Zone5', 'cpu2;cpu3;cpu24;', 'linux;windows;', 'Asia'),
('P65-016', 'P6Zone5', 'cpu2;cpu3;cpu24;', 'linux;windows;', 'Asia'),
('P65-0160', 'P6Zone5', 'cpu2;cpu3;cpu24;', 'linux;windows;', 'Asia'),
('P65-0161', 'P6Zone5', 'cpu2;cpu3;cpu24;', 'linux;windows;', 'Asia'),
('P65-0162', 'P6Zone5', 'cpu2;cpu3;cpu24;', 'linux;windows;', 'Asia'),
('P65-0163', 'P6Zone5', 'cpu2;cpu3;cpu24;', 'linux;windows;', 'Asia'),
('P65-0164', 'P6Zone5', 'cpu2;cpu3;cpu24;', 'linux;windows;', 'Asia'),
('P65-0165', 'P6Zone5', 'cpu2;cpu3;cpu24;', 'linux;windows;', 'Asia'),
('P65-0166', 'P6Zone5', 'cpu2;cpu3;cpu24;', 'linux;windows;', 'Asia'),
('P65-0167', 'P6Zone5', 'cpu2;cpu3;cpu24;', 'linux;windows;', 'Asia'),
('P65-0168', 'P6Zone5', 'cpu2;cpu3;cpu24;', 'linux;windows;', 'Asia'),
('P65-0169', 'P6Zone5', 'cpu2;cpu3;cpu24;', 'linux;windows;', 'Asia'),
('P65-017', 'P6Zone5', 'cpu2;cpu3;cpu24;', 'linux;windows;', 'USA'),
('P65-0170', 'P6Zone5', 'cpu2;cpu3;cpu24;', 'linux;windows;', 'Asia'),
('P65-0171', 'P6Zone5', 'cpu2;cpu3;cpu24;', 'linux;windows;', 'Asia'),
('P65-0172', 'P6Zone5', 'cpu2;cpu3;cpu24;', 'linux;windows;', 'Asia'),
('P65-0173', 'P6Zone5', 'cpu2;cpu3;cpu24;', 'linux;windows;', 'Asia'),
('P65-0174', 'P6Zone5', 'cpu2;cpu3;cpu24;', 'linux;windows;', 'Asia'),
('P65-0175', 'P6Zone5', 'cpu2;cpu3;cpu24;', 'linux;windows;', 'Asia'),
('P65-0176', 'P6Zone5', 'cpu2;cpu3;cpu24;', 'linux;windows;', 'Asia'),
('P65-0177', 'P6Zone5', 'cpu2;cpu3;cpu24;', 'linux;windows;', 'Asia'),
('P65-0178', 'P6Zone5', 'cpu2;cpu3;cpu24;', 'linux;windows;', 'Asia'),
('P65-0179', 'P6Zone5', 'cpu2;cpu3;cpu24;', 'linux;windows;', 'Asia'),
('P65-018', 'P3Zone5', 'cpu2;cpu3;cpu24;', 'linux;windows;', 'USA'),
('P65-0180', 'P6Zone5', 'cpu2;cpu3;cpu24;', 'linux;windows;', 'Asia'),
('P65-0181', 'P6Zone5', 'cpu2;cpu3;cpu24;', 'linux;windows;', 'Asia'),
('P65-0182', 'P6Zone5', 'cpu2;cpu3;cpu24;', 'linux;windows;', 'Asia'),
('P65-0183', 'P6Zone5', 'cpu2;cpu3;cpu24;', 'linux;windows;', 'Asia'),
('P65-0184', 'P6Zone5', 'cpu2;cpu3;cpu24;', 'linux;windows;', 'Asia'),
('P65-0185', 'P6Zone5', 'cpu2;cpu3;cpu24;', 'linux;windows;', 'Asia'),
('P65-0186', 'P6Zone5', 'cpu2;cpu3;cpu24;', 'linux;windows;', 'Asia'),
('P65-0187', 'P6Zone5', 'cpu2;cpu3;cpu24;', 'linux;windows;', 'Asia'),
('P65-0188', 'P6Zone5', 'cpu2;cpu3;cpu24;', 'linux;windows;', 'Asia'),
('P65-0189', 'P6Zone5', 'cpu2;cpu3;cpu24;', 'linux;windows;', 'Asia'),
('P65-019', 'P6Zone5', 'cpu2;cpu3;cpu24;', 'linux;windows;', 'USA'),
('P65-0190', 'P6Zone5', 'cpu2;cpu3;cpu24;', 'linux;windows;', 'Asia'),
('P65-0191', 'P6Zone5', 'cpu2;cpu3;cpu24;', 'linux;windows;', 'Asia'),
('P65-0192', 'P6Zone5', 'cpu2;cpu3;cpu24;', 'linux;windows;', 'Asia'),
('P65-0193', 'P6Zone5', 'cpu2;cpu3;cpu24;', 'linux;windows;', 'Asia'),
('P65-0194', 'P6Zone5', 'cpu2;cpu3;cpu24;', 'linux;windows;', 'Asia'),
('P65-0195', 'P6Zone5', 'cpu2;cpu3;cpu24;', 'linux;windows;', 'Asia'),
('P65-0196', 'P6Zone5', 'cpu2;cpu3;cpu24;', 'linux;windows;', 'Asia'),
('P65-0197', 'P6Zone5', 'cpu2;cpu3;cpu24;', 'linux;windows;', 'Asia'),
('P65-0198', 'P6Zone5', 'cpu2;cpu3;cpu24;', 'linux;windows;', 'Asia'),
('P65-0199', 'P6Zone5', 'cpu2;cpu3;cpu24;', 'linux;windows;', 'Asia'),
('P65-11', 'P6Zone5', 'cpu2;cpu3;cpu24;', 'linux;windows;', 'Asia'),
('P65-110', 'P6Zone5', 'cpu2;cpu3;cpu24;', 'linux;windows;', 'USA'),
('P65-111', 'P6Zone5', 'cpu2;cpu3;cpu24;', 'linux;windows;', 'EU'),
('P65-112', 'P6Zone5', 'cpu2;cpu3;cpu24;', 'linux;windows;', 'EU'),
('P65-113', 'P6Zone5', 'cpu2;cpu3;cpu24;', 'linux;windows;', 'EU'),
('P65-114', 'P6Zone5', 'cpu2;cpu3;cpu24;', 'linux;windows;', 'Asia'),
('P65-115', 'P6Zone5', 'cpu2;cpu3;cpu24;', 'linux;windows;', 'Asia'),
('P65-116', 'P6Zone5', 'cpu2;cpu3;cpu24;', 'linux;windows;', 'Asia'),
('P65-117', 'P6Zone5', 'cpu2;cpu3;cpu24;', 'linux;windows;', 'Asia'),
('P65-118', 'P6Zone5', 'cpu2;cpu3;cpu24;', 'linux;windows;', 'Asia'),
('P65-119', 'P6Zone5', 'cpu2;cpu3;cpu24;', 'linux;windows;', 'Asia'),
('P65-12', 'P6Zone5', 'cpu2;cpu3;cpu24;', 'linux;windows;', 'Asia'),
('P65-120', 'P6Zone5', 'cpu2;cpu3;cpu24;', 'linux;windows;', 'Asia'),
('P65-121', 'P6Zone5', 'cpu2;cpu3;cpu24;', 'linux;windows;', 'Asia'),
('P65-122', 'P6Zone5', 'cpu2;cpu3;cpu24;', 'linux;windows;', 'Asia'),
('P65-123', 'P6Zone5', 'cpu2;cpu3;cpu24;', 'linux;windows;', 'Asia'),
('P65-124', 'P6Zone5', 'cpu2;cpu3;cpu24;', 'linux;windows;', 'Asia'),
('P65-125', 'P6Zone5', 'cpu2;cpu3;cpu24;', 'linux;windows;', 'Asia'),
('P65-126', 'P6Zone5', 'cpu2;cpu3;cpu24;', 'linux;windows;', 'Asia'),
('P65-127', 'P6Zone5', 'cpu2;cpu3;cpu24;', 'linux;windows;', 'Asia'),
('P65-128', 'P6Zone5', 'cpu2;cpu3;cpu24;', 'linux;windows;', 'Asia'),
('P65-129', 'P6Zone5', 'cpu2;cpu3;cpu24;', 'linux;windows;', 'Asia'),
('P65-13', 'P6Zone5', 'cpu2;cpu3;cpu24;', 'linux;windows;', 'Asia'),
('P65-130', 'P6Zone5', 'cpu2;cpu3;cpu24;', 'linux;windows;', 'Asia'),
('P65-131', 'P6Zone5', 'cpu2;cpu3;cpu24;', 'linux;windows;', 'Asia'),
('P65-132', 'P6Zone5', 'cpu2;cpu3;cpu24;', 'linux;windows;', 'Asia'),
('P65-133', 'P6Zone5', 'cpu2;cpu3;cpu24;', 'linux;windows;', 'Asia'),
('P65-134', 'P6Zone5', 'cpu2;cpu3;cpu24;', 'linux;windows;', 'Asia'),
('P65-135', 'P6Zone5', 'cpu2;cpu3;cpu24;', 'linux;windows;', 'Asia'),
('P65-136', 'P6Zone5', 'cpu2;cpu3;cpu24;', 'linux;windows;', 'Asia'),
('P65-137', 'P6Zone5', 'cpu2;cpu3;cpu24;', 'linux;windows;', 'Asia'),
('P65-138', 'P6Zone5', 'cpu2;cpu3;cpu24;', 'linux;windows;', 'Asia'),
('P65-139', 'P6Zone5', 'cpu2;cpu3;cpu24;', 'linux;windows;', 'Asia'),
('P65-14', 'P6Zone5', 'cpu2;cpu3;cpu24;', 'linux;windows;', 'Asia'),
('P65-140', 'P6Zone5', 'cpu2;cpu3;cpu24;', 'linux;windows;', 'Asia'),
('P65-141', 'P6Zone5', 'cpu2;cpu3;cpu24;', 'linux;windows;', 'Asia'),
('P65-142', 'P6Zone5', 'cpu2;cpu3;cpu24;', 'linux;windows;', 'Asia'),
('P65-143', 'P6Zone5', 'cpu2;cpu3;cpu24;', 'linux;windows;', 'Asia'),
('P65-144', 'P6Zone5', 'cpu2;cpu3;cpu24;', 'linux;windows;', 'Asia'),
('P65-145', 'P6Zone5', 'cpu2;cpu3;cpu24;', 'linux;windows;', 'Asia'),
('P65-146', 'P6Zone5', 'cpu2;cpu3;cpu24;', 'linux;windows;', 'Asia'),
('P65-147', 'P6Zone5', 'cpu2;cpu3;cpu24;', 'linux;windows;', 'Asia'),
('P65-148', 'P6Zone5', 'cpu2;cpu3;cpu24;', 'linux;windows;', 'Asia'),
('P65-149', 'P6Zone5', 'cpu2;cpu3;cpu24;', 'linux;windows;', 'Asia'),
('P65-15', 'P6Zone5', 'cpu2;cpu3;cpu24;', 'linux;windows;', 'Asia'),
('P65-150', 'P6Zone5', 'cpu2;cpu3;cpu24;', 'linux;windows;', 'Asia');
INSERT INTO `PhysNode` (`PnID`, `CID`, `Cpus`, `OSs`, `Location`) VALUES
('P65-151', 'P6Zone5', 'cpu2;cpu3;cpu24;', 'linux;windows;', 'Asia'),
('P65-152', 'P6Zone5', 'cpu2;cpu3;cpu24;', 'linux;windows;', 'Asia'),
('P65-153', 'P6Zone5', 'cpu2;cpu3;cpu24;', 'linux;windows;', 'Asia'),
('P65-154', 'P6Zone5', 'cpu2;cpu3;cpu24;', 'linux;windows;', 'Asia'),
('P65-155', 'P6Zone5', 'cpu2;cpu3;cpu24;', 'linux;windows;', 'Asia'),
('P65-156', 'P6Zone5', 'cpu2;cpu3;cpu24;', 'linux;windows;', 'Asia'),
('P65-157', 'P6Zone5', 'cpu2;cpu3;cpu24;', 'linux;windows;', 'Asia'),
('P65-158', 'P6Zone5', 'cpu2;cpu3;cpu24;', 'linux;windows;', 'Asia'),
('P65-159', 'P6Zone5', 'cpu2;cpu3;cpu24;', 'linux;windows;', 'Asia'),
('P65-16', 'P6Zone5', 'cpu2;cpu3;cpu24;', 'linux;windows;', 'Asia'),
('P65-160', 'P6Zone5', 'cpu2;cpu3;cpu24;', 'linux;windows;', 'Asia'),
('P65-161', 'P6Zone5', 'cpu2;cpu3;cpu24;', 'linux;windows;', 'Asia'),
('P65-162', 'P6Zone5', 'cpu2;cpu3;cpu24;', 'linux;windows;', 'Asia'),
('P65-163', 'P6Zone5', 'cpu2;cpu3;cpu24;', 'linux;windows;', 'Asia'),
('P65-164', 'P6Zone5', 'cpu2;cpu3;cpu24;', 'linux;windows;', 'Asia'),
('P65-165', 'P6Zone5', 'cpu2;cpu3;cpu24;', 'linux;windows;', 'Asia'),
('P65-166', 'P6Zone5', 'cpu2;cpu3;cpu24;', 'linux;windows;', 'Asia'),
('P65-167', 'P6Zone5', 'cpu2;cpu3;cpu24;', 'linux;windows;', 'Asia'),
('P65-168', 'P6Zone5', 'cpu2;cpu3;cpu24;', 'linux;windows;', 'Asia'),
('P65-169', 'P6Zone5', 'cpu2;cpu3;cpu24;', 'linux;windows;', 'Asia'),
('P65-17', 'P6Zone5', 'cpu2;cpu3;cpu24;', 'linux;windows;', 'USA'),
('P65-170', 'P6Zone5', 'cpu2;cpu3;cpu24;', 'linux;windows;', 'Asia'),
('P65-171', 'P6Zone5', 'cpu2;cpu3;cpu24;', 'linux;windows;', 'Asia'),
('P65-172', 'P6Zone5', 'cpu2;cpu3;cpu24;', 'linux;windows;', 'Asia'),
('P65-173', 'P6Zone5', 'cpu2;cpu3;cpu24;', 'linux;windows;', 'Asia'),
('P65-174', 'P6Zone5', 'cpu2;cpu3;cpu24;', 'linux;windows;', 'Asia'),
('P65-175', 'P6Zone5', 'cpu2;cpu3;cpu24;', 'linux;windows;', 'Asia'),
('P65-176', 'P6Zone5', 'cpu2;cpu3;cpu24;', 'linux;windows;', 'Asia'),
('P65-177', 'P6Zone5', 'cpu2;cpu3;cpu24;', 'linux;windows;', 'Asia'),
('P65-178', 'P6Zone5', 'cpu2;cpu3;cpu24;', 'linux;windows;', 'Asia'),
('P65-179', 'P6Zone5', 'cpu2;cpu3;cpu24;', 'linux;windows;', 'Asia'),
('P65-18', 'P3Zone5', 'cpu2;cpu3;cpu24;', 'linux;windows;', 'USA'),
('P65-180', 'P6Zone5', 'cpu2;cpu3;cpu24;', 'linux;windows;', 'Asia'),
('P65-181', 'P6Zone5', 'cpu2;cpu3;cpu24;', 'linux;windows;', 'Asia'),
('P65-182', 'P6Zone5', 'cpu2;cpu3;cpu24;', 'linux;windows;', 'Asia'),
('P65-183', 'P6Zone5', 'cpu2;cpu3;cpu24;', 'linux;windows;', 'Asia'),
('P65-184', 'P6Zone5', 'cpu2;cpu3;cpu24;', 'linux;windows;', 'Asia'),
('P65-185', 'P6Zone5', 'cpu2;cpu3;cpu24;', 'linux;windows;', 'Asia'),
('P65-186', 'P6Zone5', 'cpu2;cpu3;cpu24;', 'linux;windows;', 'Asia'),
('P65-187', 'P6Zone5', 'cpu2;cpu3;cpu24;', 'linux;windows;', 'Asia'),
('P65-188', 'P6Zone5', 'cpu2;cpu3;cpu24;', 'linux;windows;', 'Asia'),
('P65-189', 'P6Zone5', 'cpu2;cpu3;cpu24;', 'linux;windows;', 'Asia'),
('P65-19', 'P6Zone5', 'cpu2;cpu3;cpu24;', 'linux;windows;', 'USA'),
('P65-190', 'P6Zone5', 'cpu2;cpu3;cpu24;', 'linux;windows;', 'Asia'),
('P65-191', 'P6Zone5', 'cpu2;cpu3;cpu24;', 'linux;windows;', 'Asia'),
('P65-192', 'P6Zone5', 'cpu2;cpu3;cpu24;', 'linux;windows;', 'Asia'),
('P65-193', 'P6Zone5', 'cpu2;cpu3;cpu24;', 'linux;windows;', 'Asia'),
('P65-194', 'P6Zone5', 'cpu2;cpu3;cpu24;', 'linux;windows;', 'Asia'),
('P65-195', 'P6Zone5', 'cpu2;cpu3;cpu24;', 'linux;windows;', 'Asia'),
('P65-196', 'P6Zone5', 'cpu2;cpu3;cpu24;', 'linux;windows;', 'Asia'),
('P65-197', 'P6Zone5', 'cpu2;cpu3;cpu24;', 'linux;windows;', 'Asia'),
('P65-198', 'P6Zone5', 'cpu2;cpu3;cpu24;', 'linux;windows;', 'Asia'),
('P65-199', 'P6Zone5', 'cpu2;cpu3;cpu24;', 'linux;windows;', 'Asia'),
('P66-01', 'P6Zone6', 'cpu2;cpu3;cpu24;', 'linux;windows;', 'USA'),
('P66-013', 'P6Zone6', 'cpu2;cpu3;cpu24;', 'linux;windows;', 'USA'),
('P66-014', 'P6Zone6', 'cpu2;cpu3;cpu24;', 'linux;windows;', 'USA'),
('P66-015', 'P6Zone6', 'cpu2;cpu3;cpu24;', 'linux;windows;', 'USA'),
('P66-016', 'P6Zone6', 'cpu2;cpu3;cpu24;', 'linux;windows;', 'USA'),
('P66-017', 'P6Zone6', 'cpu2;cpu3;cpu24;', 'linux;windows;', 'USA'),
('P66-018', 'P6Zone6', 'cpu2;cpu3;cpu24;', 'linux;windows;', 'USA'),
('P66-019', 'P6Zone6', 'cpu2;cpu3;cpu24;', 'linux;windows;', 'USA'),
('P66-02', 'P6Zone6', 'cpu2;cpu3;cpu24;', 'linux;windows;', 'USA'),
('P66-020', 'P6Zone6', 'cpu2;cpu3;cpu24;', 'linux;windows;', 'USA'),
('P66-021', 'P6Zone6', 'cpu2;cpu3;cpu24;', 'linux;windows;', 'USA'),
('P66-022', 'P6Zone6', 'cpu2;cpu3;cpu24;', 'linux;windows;', 'USA'),
('P66-023', 'P6Zone6', 'cpu2;cpu3;cpu24;', 'linux;windows;', 'USA'),
('P66-024', 'P6Zone6', 'cpu2;cpu3;cpu24;', 'linux;windows;', 'USA'),
('P66-025', 'P6Zone6', 'cpu2;cpu3;cpu24;', 'linux;windows;', 'USA'),
('P66-026', 'P6Zone6', 'cpu2;cpu3;cpu24;', 'linux;windows;', 'USA'),
('P66-027', 'P6Zone6', 'cpu2;cpu3;cpu24;', 'linux;windows;', 'USA'),
('P66-028', 'P6Zone6', 'cpu2;cpu3;cpu24;', 'linux;windows;', 'USA'),
('P66-029', 'P6Zone6', 'cpu2;cpu3;cpu24;', 'linux;windows;', 'USA'),
('P66-03', 'P6Zone6', 'cpu2;cpu3;cpu24;', 'linux;windows;', 'USA'),
('P66-030', 'P6Zone6', 'cpu2;cpu3;cpu24;', 'linux;windows;', 'USA'),
('P66-031', 'P6Zone6', 'cpu2;cpu3;cpu24;', 'linux;windows;', 'USA'),
('P66-04', 'P6Zone6', 'cpu2;cpu3;cpu24;', 'linux;windows;', 'USA'),
('P66-05', 'P6Zone6', 'cpu2;cpu3;cpu24;', 'linux;windows;', 'USA'),
('P66-06', 'P6Zone6', 'cpu2;cpu3;cpu24;', 'linux;windows;', 'USA'),
('P66-07', 'P6Zone6', 'cpu2;cpu3;cpu24;', 'linux;windows;', 'USA'),
('P66-08', 'P6Zone6', 'cpu2;cpu3;cpu24;', 'linux;windows;', 'USA'),
('P66-09', 'P6Zone6', 'cpu2;cpu3;cpu24;', 'linux;windows;', 'USA'),
('P66-110', 'P6Zone6', 'cpu2;cpu3;cpu24;', 'linux;windows;', 'USA'),
('P66-111', 'P6Zone6', 'cpu2;cpu3;cpu24;', 'linux;windows;', 'USA'),
('P66-112', 'P6Zone6', 'cpu2;cpu3;cpu24;', 'linux;windows;', 'USA'),
('P66-113', 'P6Zone6', 'cpu2;cpu3;cpu24;', 'linux;windows;', 'USA'),
('P66-114', 'P6Zone6', 'cpu2;cpu3;cpu24;', 'linux;windows;', 'USA'),
('P66-115', 'P6Zone6', 'cpu2;cpu3;cpu24;', 'linux;windows;', 'USA'),
('P66-116', 'P6Zone6', 'cpu2;cpu3;cpu24;', 'linux;windows;', 'USA'),
('P66-117', 'P6Zone6', 'cpu2;cpu3;cpu24;', 'linux;windows;', 'USA'),
('P66-118', 'P6Zone6', 'cpu2;cpu3;cpu24;', 'linux;windows;', 'USA'),
('P66-119', 'P6Zone6', 'cpu2;cpu3;cpu24;', 'linux;windows;', 'USA'),
('P66-12', 'P6Zone6', 'cpu2;cpu3;cpu24;', 'linux;windows;', 'USA'),
('P66-120', 'P6Zone6', 'cpu2;cpu3;cpu24;', 'linux;windows;', 'USA'),
('P66-121', 'P6Zone6', 'cpu2;cpu3;cpu24;', 'linux;windows;', 'USA'),
('P66-122', 'P6Zone6', 'cpu2;cpu3;cpu24;', 'linux;windows;', 'USA'),
('P66-123', 'P6Zone6', 'cpu2;cpu3;cpu24;', 'linux;windows;', 'USA'),
('P66-124', 'P6Zone6', 'cpu2;cpu3;cpu24;', 'linux;windows;', 'USA'),
('P66-125', 'P6Zone6', 'cpu2;cpu3;cpu24;', 'linux;windows;', 'USA'),
('P66-126', 'P6Zone6', 'cpu2;cpu3;cpu24;', 'linux;windows;', 'USA'),
('P66-127', 'P6Zone6', 'cpu2;cpu3;cpu24;', 'linux;windows;', 'USA'),
('P66-128', 'P6Zone6', 'cpu2;cpu3;cpu24;', 'linux;windows;', 'USA'),
('P66-129', 'P6Zone6', 'cpu2;cpu3;cpu24;', 'linux;windows;', 'USA'),
('P66-13', 'P6Zone6', 'cpu2;cpu3;cpu24;', 'linux;windows;', 'USA'),
('P66-130', 'P6Zone6', 'cpu2;cpu3;cpu24;', 'linux;windows;', 'USA'),
('P66-131', 'P6Zone6', 'cpu2;cpu3;cpu24;', 'linux;windows;', 'USA'),
('P66-14', 'P6Zone6', 'cpu2;cpu3;cpu24;', 'linux;windows;', 'USA'),
('P66-15', 'P6Zone6', 'cpu2;cpu3;cpu24;', 'linux;windows;', 'USA'),
('P66-16', 'P6Zone6', 'cpu2;cpu3;cpu24;', 'linux;windows;', 'USA'),
('P66-17', 'P6Zone6', 'cpu2;cpu3;cpu24;', 'linux;windows;', 'USA'),
('P66-18', 'P6Zone6', 'cpu2;cpu3;cpu24;', 'linux;windows;', 'USA'),
('P66-19', 'P6Zone6', 'cpu2;cpu3;cpu24;', 'linux;windows;', 'USA'),
('P66-910', 'P6Zone6', 'cpu2;cpu3;cpu24;', 'linux;windows;', 'USA'),
('P66-911', 'P6Zone6', 'cpu2;cpu3;cpu24;', 'linux;windows;', 'USA'),
('P66-912', 'P6Zone6', 'cpu2;cpu3;cpu24;', 'linux;windows;', 'USA'),
('P66-913', 'P6Zone6', 'cpu2;cpu3;cpu24;', 'linux;windows;', 'USA'),
('P66-914', 'P6Zone6', 'cpu2;cpu3;cpu24;', 'linux;windows;', 'USA'),
('P66-915', 'P6Zone6', 'cpu2;cpu3;cpu24;', 'linux;windows;', 'USA'),
('P66-916', 'P6Zone6', 'cpu2;cpu3;cpu24;', 'linux;windows;', 'USA'),
('P66-917', 'P6Zone6', 'cpu2;cpu3;cpu24;', 'linux;windows;', 'USA'),
('P66-918', 'P6Zone6', 'cpu2;cpu3;cpu24;', 'linux;windows;', 'USA'),
('P66-919', 'P6Zone6', 'cpu2;cpu3;cpu24;', 'linux;windows;', 'USA'),
('P66-92', 'P6Zone6', 'cpu2;cpu3;cpu24;', 'linux;windows;', 'USA'),
('P66-920', 'P6Zone6', 'cpu2;cpu3;cpu24;', 'linux;windows;', 'USA'),
('P66-921', 'P6Zone6', 'cpu2;cpu3;cpu24;', 'linux;windows;', 'USA'),
('P66-922', 'P6Zone6', 'cpu2;cpu3;cpu24;', 'linux;windows;', 'USA'),
('P66-923', 'P6Zone6', 'cpu2;cpu3;cpu24;', 'linux;windows;', 'USA'),
('P66-924', 'P6Zone6', 'cpu2;cpu3;cpu24;', 'linux;windows;', 'USA'),
('P66-925', 'P6Zone6', 'cpu2;cpu3;cpu24;', 'linux;windows;', 'USA'),
('P66-926', 'P6Zone6', 'cpu2;cpu3;cpu24;', 'linux;windows;', 'USA'),
('P66-927', 'P6Zone6', 'cpu2;cpu3;cpu24;', 'linux;windows;', 'USA'),
('P66-928', 'P6Zone6', 'cpu2;cpu3;cpu24;', 'linux;windows;', 'USA'),
('P66-929', 'P6Zone6', 'cpu2;cpu3;cpu24;', 'linux;windows;', 'USA'),
('P66-93', 'P6Zone6', 'cpu2;cpu3;cpu24;', 'linux;windows;', 'USA'),
('P66-930', 'P6Zone6', 'cpu2;cpu3;cpu24;', 'linux;windows;', 'USA'),
('P66-931', 'P6Zone6', 'cpu2;cpu3;cpu24;', 'linux;windows;', 'USA'),
('P66-94', 'P6Zone6', 'cpu2;cpu3;cpu24;', 'linux;windows;', 'USA'),
('P66-95', 'P6Zone6', 'cpu2;cpu3;cpu24;', 'linux;windows;', 'USA'),
('P66-96', 'P6Zone6', 'cpu2;cpu3;cpu24;', 'linux;windows;', 'USA'),
('P66-97', 'P6Zone6', 'cpu2;cpu3;cpu24;', 'linux;windows;', 'USA'),
('P66-98', 'P6Zone6', 'cpu2;cpu3;cpu24;', 'linux;windows;', 'USA'),
('P66-99', 'P6Zone6', 'cpu2;cpu3;cpu24;', 'linux;windows;', 'USA'),
('P67-01', 'P6Zone7', 'cpu2;cpu3;cpu24;', 'linux;windows;', 'USA'),
('P67-012', 'P6Zone7', 'cpu2;cpu3;cpu24;', 'linux;windows;', 'USA'),
('P67-013', 'P6Zone7', 'cpu2;cpu3;cpu24;', 'linux;windows;', 'USA'),
('P67-014', 'P6Zone7', 'cpu2;cpu3;cpu24;', 'linux;windows;', 'USA'),
('P67-015', 'P6Zone7', 'cpu2;cpu3;cpu24;', 'linux;windows;', 'USA'),
('P67-016', 'P6Zone7', 'cpu2;cpu3;cpu24;', 'linux;windows;', 'USA'),
('P67-017', 'P6Zone7', 'cpu2;cpu3;cpu24;', 'linux;windows;', 'USA'),
('P67-018', 'P6Zone7', 'cpu2;cpu3;cpu24;', 'linux;windows;', 'USA'),
('P67-019', 'P6Zone7', 'cpu2;cpu3;cpu24;', 'linux;windows;', 'USA'),
('P67-02', 'P6Zone7', 'cpu2;cpu3;cpu24;', 'linux;windows;', 'USA'),
('P67-020', 'P6Zone7', 'cpu2;cpu3;cpu24;', 'linux;windows;', 'USA'),
('P67-021', 'P6Zone7', 'cpu2;cpu3;cpu24;', 'linux;windows;', 'USA'),
('P67-022', 'P6Zone7', 'cpu2;cpu3;cpu24;', 'linux;windows;', 'USA'),
('P67-023', 'P6Zone7', 'cpu2;cpu3;cpu24;', 'linux;windows;', 'USA'),
('P67-024', 'P6Zone7', 'cpu2;cpu3;cpu24;', 'linux;windows;', 'USA'),
('P67-025', 'P6Zone7', 'cpu2;cpu3;cpu24;', 'linux;windows;', 'USA'),
('P67-026', 'P6Zone7', 'cpu2;cpu3;cpu24;', 'linux;windows;', 'USA'),
('P67-027', 'P6Zone7', 'cpu2;cpu3;cpu24;', 'linux;windows;', 'USA'),
('P67-028', 'P6Zone7', 'cpu2;cpu3;cpu24;', 'linux;windows;', 'USA'),
('P67-029', 'P6Zone7', 'cpu2;cpu3;cpu24;', 'linux;windows;', 'USA'),
('P67-03', 'P6Zone7', 'cpu2;cpu3;cpu24;', 'linux;windows;', 'USA'),
('P67-030', 'P6Zone7', 'cpu2;cpu3;cpu24;', 'linux;windows;', 'USA'),
('P67-031', 'P6Zone7', 'cpu2;cpu3;cpu24;', 'linux;windows;', 'USA'),
('P67-04', 'P6Zone7', 'cpu2;cpu3;cpu24;', 'linux;windows;', 'USA'),
('P67-05', 'P6Zone7', 'cpu2;cpu3;cpu24;', 'linux;windows;', 'USA'),
('P67-06', 'P6Zone7', 'cpu2;cpu3;cpu24;', 'linux;windows;', 'USA'),
('P67-07', 'P6Zone7', 'cpu2;cpu3;cpu24;', 'linux;windows;', 'USA'),
('P67-08', 'P6Zone7', 'cpu2;cpu3;cpu24;', 'linux;windows;', 'USA'),
('P67-09', 'P6Zone7', 'cpu2;cpu3;cpu24;', 'linux;windows;', 'USA'),
('P67-110', 'P6Zone7', 'cpu2;cpu3;cpu24;', 'linux;windows;', 'USA'),
('P67-111', 'P6Zone7', 'cpu2;cpu3;cpu24;', 'linux;windows;', 'USA'),
('P67-112', 'P6Zone7', 'cpu2;cpu3;cpu24;', 'linux;windows;', 'USA'),
('P67-113', 'P6Zone7', 'cpu2;cpu3;cpu24;', 'linux;windows;', 'USA'),
('P67-114', 'P6Zone7', 'cpu2;cpu3;cpu24;', 'linux;windows;', 'USA'),
('P67-115', 'P6Zone7', 'cpu2;cpu3;cpu24;', 'linux;windows;', 'USA'),
('P67-116', 'P6Zone7', 'cpu2;cpu3;cpu24;', 'linux;windows;', 'USA'),
('P67-117', 'P6Zone7', 'cpu2;cpu3;cpu24;', 'linux;windows;', 'USA'),
('P67-118', 'P6Zone7', 'cpu2;cpu3;cpu24;', 'linux;windows;', 'USA'),
('P67-119', 'P6Zone7', 'cpu2;cpu3;cpu24;', 'linux;windows;', 'USA'),
('P67-12', 'P6Zone7', 'cpu2;cpu3;cpu24;', 'linux;windows;', 'USA'),
('P67-120', 'P6Zone7', 'cpu2;cpu3;cpu24;', 'linux;windows;', 'USA'),
('P67-121', 'P6Zone7', 'cpu2;cpu3;cpu24;', 'linux;windows;', 'USA'),
('P67-122', 'P6Zone7', 'cpu2;cpu3;cpu24;', 'linux;windows;', 'USA'),
('P67-123', 'P6Zone7', 'cpu2;cpu3;cpu24;', 'linux;windows;', 'USA'),
('P67-124', 'P6Zone7', 'cpu2;cpu3;cpu24;', 'linux;windows;', 'USA'),
('P67-125', 'P6Zone7', 'cpu2;cpu3;cpu24;', 'linux;windows;', 'USA'),
('P67-126', 'P6Zone7', 'cpu2;cpu3;cpu24;', 'linux;windows;', 'USA'),
('P67-127', 'P6Zone7', 'cpu2;cpu3;cpu24;', 'linux;windows;', 'USA'),
('P67-128', 'P6Zone7', 'cpu2;cpu3;cpu24;', 'linux;windows;', 'USA'),
('P67-129', 'P6Zone7', 'cpu2;cpu3;cpu24;', 'linux;windows;', 'USA'),
('P67-13', 'P6Zone7', 'cpu2;cpu3;cpu24;', 'linux;windows;', 'USA'),
('P67-130', 'P6Zone7', 'cpu2;cpu3;cpu24;', 'linux;windows;', 'USA'),
('P67-131', 'P6Zone7', 'cpu2;cpu3;cpu24;', 'linux;windows;', 'USA'),
('P67-14', 'P6Zone7', 'cpu2;cpu3;cpu24;', 'linux;windows;', 'USA'),
('P67-15', 'P6Zone7', 'cpu2;cpu3;cpu24;', 'linux;windows;', 'USA'),
('P67-16', 'P6Zone7', 'cpu2;cpu3;cpu24;', 'linux;windows;', 'USA'),
('P67-17', 'P6Zone7', 'cpu2;cpu3;cpu24;', 'linux;windows;', 'USA'),
('P67-18', 'P6Zone7', 'cpu2;cpu3;cpu24;', 'linux;windows;', 'USA'),
('P67-19', 'P6Zone7', 'cpu2;cpu3;cpu24;', 'linux;windows;', 'USA'),
('P67-910', 'P6Zone7', 'cpu2;cpu3;cpu24;', 'linux;windows;', 'USA'),
('P67-911', 'P6Zone7', 'cpu2;cpu3;cpu24;', 'linux;windows;', 'USA'),
('P67-912', 'P6Zone7', 'cpu2;cpu3;cpu24;', 'linux;windows;', 'USA'),
('P67-913', 'P6Zone7', 'cpu2;cpu3;cpu24;', 'linux;windows;', 'USA'),
('P67-914', 'P6Zone7', 'cpu2;cpu3;cpu24;', 'linux;windows;', 'USA'),
('P67-915', 'P6Zone7', 'cpu2;cpu3;cpu24;', 'linux;windows;', 'USA'),
('P67-916', 'P6Zone7', 'cpu2;cpu3;cpu24;', 'linux;windows;', 'USA'),
('P67-917', 'P6Zone7', 'cpu2;cpu3;cpu24;', 'linux;windows;', 'USA'),
('P67-918', 'P6Zone7', 'cpu2;cpu3;cpu24;', 'linux;windows;', 'USA'),
('P67-919', 'P6Zone7', 'cpu2;cpu3;cpu24;', 'linux;windows;', 'USA'),
('P67-92', 'P6Zone7', 'cpu2;cpu3;cpu24;', 'linux;windows;', 'USA'),
('P67-920', 'P6Zone7', 'cpu2;cpu3;cpu24;', 'linux;windows;', 'USA'),
('P67-921', 'P6Zone7', 'cpu2;cpu3;cpu24;', 'linux;windows;', 'USA'),
('P67-922', 'P6Zone7', 'cpu2;cpu3;cpu24;', 'linux;windows;', 'USA'),
('P67-923', 'P6Zone7', 'cpu2;cpu3;cpu24;', 'linux;windows;', 'USA'),
('P67-924', 'P6Zone7', 'cpu2;cpu3;cpu24;', 'linux;windows;', 'USA'),
('P67-925', 'P6Zone7', 'cpu2;cpu3;cpu24;', 'linux;windows;', 'USA'),
('P67-926', 'P6Zone7', 'cpu2;cpu3;cpu24;', 'linux;windows;', 'USA'),
('P67-927', 'P6Zone7', 'cpu2;cpu3;cpu24;', 'linux;windows;', 'USA'),
('P67-928', 'P6Zone7', 'cpu2;cpu3;cpu24;', 'linux;windows;', 'USA'),
('P67-929', 'P6Zone7', 'cpu2;cpu3;cpu24;', 'linux;windows;', 'USA'),
('P67-93', 'P6Zone7', 'cpu2;cpu3;cpu24;', 'linux;windows;', 'USA'),
('P67-930', 'P6Zone7', 'cpu2;cpu3;cpu24;', 'linux;windows;', 'USA'),
('P67-931', 'P6Zone7', 'cpu2;cpu3;cpu24;', 'linux;windows;', 'USA'),
('P67-94', 'P6Zone7', 'cpu2;cpu3;cpu24;', 'linux;windows;', 'USA'),
('P67-95', 'P6Zone7', 'cpu2;cpu3;cpu24;', 'linux;windows;', 'USA'),
('P67-96', 'P6Zone7', 'cpu2;cpu3;cpu24;', 'linux;windows;', 'USA'),
('P67-97', 'P6Zone7', 'cpu2;cpu3;cpu24;', 'linux;windows;', 'USA'),
('P67-98', 'P6Zone7', 'cpu2;cpu3;cpu24;', 'linux;windows;', 'USA'),
('P67-99', 'P6Zone7', 'cpu2;cpu3;cpu24;', 'linux;windows;', 'USA'),
('P68-012', 'P6Zone8', 'cpu2;cpu3;cpu24;', 'linux;windows;', 'USA'),
('P68-013', 'P6Zone8', 'cpu2;cpu3;cpu24;', 'linux;windows;', 'USA'),
('P68-014', 'P6Zone8', 'cpu2;cpu3;cpu24;', 'linux;windows;', 'USA'),
('P68-015', 'P6Zone8', 'cpu2;cpu3;cpu24;', 'linux;windows;', 'USA'),
('P68-016', 'P6Zone8', 'cpu2;cpu3;cpu24;', 'linux;windows;', 'USA'),
('P68-017', 'P6Zone8', 'cpu2;cpu3;cpu24;', 'linux;windows;', 'USA'),
('P68-018', 'P6Zone8', 'cpu2;cpu3;cpu24;', 'linux;windows;', 'USA'),
('P68-019', 'P6Zone8', 'cpu2;cpu3;cpu24;', 'linux;windows;', 'USA'),
('P68-02', 'P6Zone8', 'cpu2;cpu3;cpu24;', 'linux;windows;', 'USA'),
('P68-020', 'P6Zone8', 'cpu2;cpu3;cpu24;', 'linux;windows;', 'USA'),
('P68-021', 'P6Zone8', 'cpu2;cpu3;cpu24;', 'linux;windows;', 'USA'),
('P68-022', 'P6Zone8', 'cpu2;cpu3;cpu24;', 'linux;windows;', 'USA'),
('P68-023', 'P6Zone8', 'cpu2;cpu3;cpu24;', 'linux;windows;', 'USA'),
('P68-024', 'P6Zone8', 'cpu2;cpu3;cpu24;', 'linux;windows;', 'USA'),
('P68-025', 'P6Zone8', 'cpu2;cpu3;cpu24;', 'linux;windows;', 'USA'),
('P68-026', 'P6Zone8', 'cpu2;cpu3;cpu24;', 'linux;windows;', 'USA'),
('P68-027', 'P6Zone8', 'cpu2;cpu3;cpu24;', 'linux;windows;', 'USA'),
('P68-028', 'P6Zone8', 'cpu2;cpu3;cpu24;', 'linux;windows;', 'USA'),
('P68-029', 'P6Zone8', 'cpu2;cpu3;cpu24;', 'linux;windows;', 'USA'),
('P68-03', 'P6Zone8', 'cpu2;cpu3;cpu24;', 'linux;windows;', 'USA'),
('P68-030', 'P6Zone8', 'cpu2;cpu3;cpu24;', 'linux;windows;', 'USA'),
('P68-031', 'P6Zone8', 'cpu2;cpu3;cpu24;', 'linux;windows;', 'USA'),
('P68-04', 'P6Zone8', 'cpu2;cpu3;cpu24;', 'linux;windows;', 'USA'),
('P68-05', 'P6Zone8', 'cpu2;cpu3;cpu24;', 'linux;windows;', 'USA'),
('P68-06', 'P6Zone8', 'cpu2;cpu3;cpu24;', 'linux;windows;', 'USA'),
('P68-07', 'P6Zone8', 'cpu2;cpu3;cpu24;', 'linux;windows;', 'USA'),
('P68-08', 'P6Zone8', 'cpu2;cpu3;cpu24;', 'linux;windows;', 'USA'),
('P68-09', 'P6Zone8', 'cpu2;cpu3;cpu24;', 'linux;windows;', 'USA'),
('P68-11', 'P6Zone8', 'cpu2;cpu3;cpu24;', 'linux;windows;', 'USA'),
('P68-110', 'P6Zone8', 'cpu2;cpu3;cpu24;', 'linux;windows;', 'USA'),
('P68-111', 'P6Zone8', 'cpu2;cpu3;cpu24;', 'linux;windows;', 'USA'),
('P68-112', 'P6Zone8', 'cpu2;cpu3;cpu24;', 'linux;windows;', 'USA'),
('P68-113', 'P6Zone8', 'cpu2;cpu3;cpu24;', 'linux;windows;', 'USA'),
('P68-114', 'P6Zone8', 'cpu2;cpu3;cpu24;', 'linux;windows;', 'USA'),
('P68-115', 'P6Zone8', 'cpu2;cpu3;cpu24;', 'linux;windows;', 'USA'),
('P68-116', 'P6Zone8', 'cpu2;cpu3;cpu24;', 'linux;windows;', 'USA'),
('P68-117', 'P6Zone8', 'cpu2;cpu3;cpu24;', 'linux;windows;', 'USA'),
('P68-118', 'P6Zone8', 'cpu2;cpu3;cpu24;', 'linux;windows;', 'USA'),
('P68-119', 'P6Zone8', 'cpu2;cpu3;cpu24;', 'linux;windows;', 'USA'),
('P68-12', 'P6Zone8', 'cpu2;cpu3;cpu24;', 'linux;windows;', 'USA'),
('P68-120', 'P6Zone8', 'cpu2;cpu3;cpu24;', 'linux;windows;', 'USA'),
('P68-121', 'P6Zone8', 'cpu2;cpu3;cpu24;', 'linux;windows;', 'USA'),
('P68-122', 'P6Zone8', 'cpu2;cpu3;cpu24;', 'linux;windows;', 'USA'),
('P68-123', 'P6Zone8', 'cpu2;cpu3;cpu24;', 'linux;windows;', 'USA'),
('P68-124', 'P6Zone8', 'cpu2;cpu3;cpu24;', 'linux;windows;', 'USA'),
('P68-125', 'P6Zone8', 'cpu2;cpu3;cpu24;', 'linux;windows;', 'USA'),
('P68-126', 'P6Zone8', 'cpu2;cpu3;cpu24;', 'linux;windows;', 'USA'),
('P68-127', 'P6Zone8', 'cpu2;cpu3;cpu24;', 'linux;windows;', 'USA'),
('P68-128', 'P6Zone8', 'cpu2;cpu3;cpu24;', 'linux;windows;', 'USA'),
('P68-129', 'P6Zone8', 'cpu2;cpu3;cpu24;', 'linux;windows;', 'USA'),
('P68-13', 'P6Zone8', 'cpu2;cpu3;cpu24;', 'linux;windows;', 'USA'),
('P68-130', 'P6Zone8', 'cpu2;cpu3;cpu24;', 'linux;windows;', 'USA'),
('P68-131', 'P6Zone8', 'cpu2;cpu3;cpu24;', 'linux;windows;', 'USA'),
('P68-14', 'P6Zone8', 'cpu2;cpu3;cpu24;', 'linux;windows;', 'USA'),
('P68-15', 'P6Zone8', 'cpu2;cpu3;cpu24;', 'linux;windows;', 'USA'),
('P68-16', 'P6Zone8', 'cpu2;cpu3;cpu24;', 'linux;windows;', 'USA'),
('P68-17', 'P6Zone8', 'cpu2;cpu3;cpu24;', 'linux;windows;', 'USA'),
('P68-18', 'P6Zone8', 'cpu2;cpu3;cpu24;', 'linux;windows;', 'USA'),
('P68-19', 'P6Zone8', 'cpu2;cpu3;cpu24;', 'linux;windows;', 'USA'),
('P68-91', 'P6Zone8', 'cpu2;cpu3;cpu24;', 'linux;windows;', 'USA'),
('P68-910', 'P6Zone8', 'cpu2;cpu3;cpu24;', 'linux;windows;', 'USA'),
('P68-911', 'P6Zone8', 'cpu2;cpu3;cpu24;', 'linux;windows;', 'USA'),
('P68-912', 'P6Zone8', 'cpu2;cpu3;cpu24;', 'linux;windows;', 'USA'),
('P68-913', 'P6Zone8', 'cpu2;cpu3;cpu24;', 'linux;windows;', 'USA'),
('P68-914', 'P6Zone8', 'cpu2;cpu3;cpu24;', 'linux;windows;', 'USA'),
('P68-915', 'P6Zone8', 'cpu2;cpu3;cpu24;', 'linux;windows;', 'USA'),
('P68-916', 'P6Zone8', 'cpu2;cpu3;cpu24;', 'linux;windows;', 'USA'),
('P68-917', 'P6Zone8', 'cpu2;cpu3;cpu24;', 'linux;windows;', 'USA'),
('P68-918', 'P6Zone8', 'cpu2;cpu3;cpu24;', 'linux;windows;', 'USA'),
('P68-919', 'P6Zone8', 'cpu2;cpu3;cpu24;', 'linux;windows;', 'USA'),
('P68-92', 'P6Zone8', 'cpu2;cpu3;cpu24;', 'linux;windows;', 'USA'),
('P68-920', 'P6Zone8', 'cpu2;cpu3;cpu24;', 'linux;windows;', 'USA'),
('P68-921', 'P6Zone8', 'cpu2;cpu3;cpu24;', 'linux;windows;', 'USA'),
('P68-922', 'P6Zone8', 'cpu2;cpu3;cpu24;', 'linux;windows;', 'USA'),
('P68-923', 'P6Zone8', 'cpu2;cpu3;cpu24;', 'linux;windows;', 'USA'),
('P68-924', 'P6Zone8', 'cpu2;cpu3;cpu24;', 'linux;windows;', 'USA'),
('P68-925', 'P6Zone8', 'cpu2;cpu3;cpu24;', 'linux;windows;', 'USA'),
('P68-926', 'P6Zone8', 'cpu2;cpu3;cpu24;', 'linux;windows;', 'USA'),
('P68-927', 'P6Zone8', 'cpu2;cpu3;cpu24;', 'linux;windows;', 'USA'),
('P68-928', 'P6Zone8', 'cpu2;cpu3;cpu24;', 'linux;windows;', 'USA'),
('P68-929', 'P6Zone8', 'cpu2;cpu3;cpu24;', 'linux;windows;', 'USA'),
('P68-93', 'P6Zone8', 'cpu2;cpu3;cpu24;', 'linux;windows;', 'USA'),
('P68-930', 'P6Zone8', 'cpu2;cpu3;cpu24;', 'linux;windows;', 'USA'),
('P68-931', 'P6Zone8', 'cpu2;cpu3;cpu24;', 'linux;windows;', 'USA'),
('P68-94', 'P6Zone8', 'cpu2;cpu3;cpu24;', 'linux;windows;', 'USA'),
('P68-95', 'P6Zone8', 'cpu2;cpu3;cpu24;', 'linux;windows;', 'USA'),
('P68-96', 'P6Zone8', 'cpu2;cpu3;cpu24;', 'linux;windows;', 'USA'),
('P68-97', 'P6Zone8', 'cpu2;cpu3;cpu24;', 'linux;windows;', 'USA'),
('P68-98', 'P6Zone8', 'cpu2;cpu3;cpu24;', 'linux;windows;', 'USA'),
('P68-99', 'P6Zone8', 'cpu2;cpu3;cpu24;', 'linux;windows;', 'USA'),
('P69-012', 'P6Zone9', 'cpu2;cpu3;cpu24;', 'linux;windows;', 'USA'),
('P69-013', 'P6Zone9', 'cpu2;cpu3;cpu24;', 'linux;windows;', 'USA'),
('P69-014', 'P6Zone9', 'cpu2;cpu3;cpu24;', 'linux;windows;', 'USA'),
('P69-015', 'P6Zone9', 'cpu2;cpu3;cpu24;', 'linux;windows;', 'USA'),
('P69-016', 'P6Zone9', 'cpu2;cpu3;cpu24;', 'linux;windows;', 'USA'),
('P69-017', 'P6Zone9', 'cpu2;cpu3;cpu24;', 'linux;windows;', 'USA'),
('P69-018', 'P6Zone9', 'cpu2;cpu3;cpu24;', 'linux;windows;', 'USA'),
('P69-019', 'P6Zone9', 'cpu2;cpu3;cpu24;', 'linux;windows;', 'USA'),
('P69-02', 'P6Zone9', 'cpu2;cpu3;cpu24;', 'linux;windows;', 'USA'),
('P69-020', 'P6Zone9', 'cpu2;cpu3;cpu24;', 'linux;windows;', 'USA'),
('P69-021', 'P6Zone9', 'cpu2;cpu3;cpu24;', 'linux;windows;', 'USA'),
('P69-022', 'P6Zone9', 'cpu2;cpu3;cpu24;', 'linux;windows;', 'USA'),
('P69-023', 'P6Zone9', 'cpu2;cpu3;cpu24;', 'linux;windows;', 'USA'),
('P69-024', 'P6Zone9', 'cpu2;cpu3;cpu24;', 'linux;windows;', 'USA'),
('P69-025', 'P6Zone9', 'cpu2;cpu3;cpu24;', 'linux;windows;', 'USA'),
('P69-026', 'P6Zone9', 'cpu2;cpu3;cpu24;', 'linux;windows;', 'USA'),
('P69-027', 'P6Zone9', 'cpu2;cpu3;cpu24;', 'linux;windows;', 'USA'),
('P69-028', 'P6Zone9', 'cpu2;cpu3;cpu24;', 'linux;windows;', 'USA'),
('P69-029', 'P6Zone9', 'cpu2;cpu3;cpu24;', 'linux;windows;', 'USA'),
('P69-03', 'P6Zone9', 'cpu2;cpu3;cpu24;', 'linux;windows;', 'USA'),
('P69-030', 'P6Zone9', 'cpu2;cpu3;cpu24;', 'linux;windows;', 'USA'),
('P69-031', 'P6Zone9', 'cpu2;cpu3;cpu24;', 'linux;windows;', 'USA'),
('P69-04', 'P6Zone9', 'cpu2;cpu3;cpu24;', 'linux;windows;', 'USA'),
('P69-05', 'P6Zone9', 'cpu2;cpu3;cpu24;', 'linux;windows;', 'USA'),
('P69-06', 'P6Zone9', 'cpu2;cpu3;cpu24;', 'linux;windows;', 'USA'),
('P69-07', 'P6Zone9', 'cpu2;cpu3;cpu24;', 'linux;windows;', 'USA'),
('P69-08', 'P6Zone9', 'cpu2;cpu3;cpu24;', 'linux;windows;', 'USA'),
('P69-09', 'P6Zone9', 'cpu2;cpu3;cpu24;', 'linux;windows;', 'USA'),
('P69-11', 'P6Zone9', 'cpu2;cpu3;cpu24;', 'linux;windows;', 'USA'),
('P69-110', 'P6Zone9', 'cpu2;cpu3;cpu24;', 'linux;windows;', 'USA'),
('P69-111', 'P6Zone9', 'cpu2;cpu3;cpu24;', 'linux;windows;', 'USA'),
('P69-112', 'P6Zone9', 'cpu2;cpu3;cpu24;', 'linux;windows;', 'USA'),
('P69-113', 'P6Zone9', 'cpu2;cpu3;cpu24;', 'linux;windows;', 'USA'),
('P69-114', 'P6Zone9', 'cpu2;cpu3;cpu24;', 'linux;windows;', 'USA'),
('P69-115', 'P6Zone9', 'cpu2;cpu3;cpu24;', 'linux;windows;', 'USA'),
('P69-116', 'P6Zone9', 'cpu2;cpu3;cpu24;', 'linux;windows;', 'USA'),
('P69-117', 'P6Zone9', 'cpu2;cpu3;cpu24;', 'linux;windows;', 'USA'),
('P69-118', 'P6Zone9', 'cpu2;cpu3;cpu24;', 'linux;windows;', 'USA'),
('P69-119', 'P6Zone9', 'cpu2;cpu3;cpu24;', 'linux;windows;', 'USA'),
('P69-12', 'P6Zone9', 'cpu2;cpu3;cpu24;', 'linux;windows;', 'USA'),
('P69-120', 'P6Zone9', 'cpu2;cpu3;cpu24;', 'linux;windows;', 'USA'),
('P69-121', 'P6Zone9', 'cpu2;cpu3;cpu24;', 'linux;windows;', 'USA'),
('P69-122', 'P6Zone9', 'cpu2;cpu3;cpu24;', 'linux;windows;', 'USA'),
('P69-123', 'P6Zone9', 'cpu2;cpu3;cpu24;', 'linux;windows;', 'USA'),
('P69-124', 'P6Zone9', 'cpu2;cpu3;cpu24;', 'linux;windows;', 'USA'),
('P69-125', 'P6Zone9', 'cpu2;cpu3;cpu24;', 'linux;windows;', 'USA'),
('P69-126', 'P6Zone9', 'cpu2;cpu3;cpu24;', 'linux;windows;', 'USA'),
('P69-127', 'P6Zone9', 'cpu2;cpu3;cpu24;', 'linux;windows;', 'USA'),
('P69-128', 'P6Zone9', 'cpu2;cpu3;cpu24;', 'linux;windows;', 'USA'),
('P69-129', 'P6Zone9', 'cpu2;cpu3;cpu24;', 'linux;windows;', 'USA'),
('P69-13', 'P6Zone9', 'cpu2;cpu3;cpu24;', 'linux;windows;', 'USA'),
('P69-130', 'P6Zone9', 'cpu2;cpu3;cpu24;', 'linux;windows;', 'USA'),
('P69-131', 'P6Zone9', 'cpu2;cpu3;cpu24;', 'linux;windows;', 'USA'),
('P69-14', 'P6Zone9', 'cpu2;cpu3;cpu24;', 'linux;windows;', 'USA'),
('P69-15', 'P6Zone9', 'cpu2;cpu3;cpu24;', 'linux;windows;', 'USA'),
('P69-16', 'P6Zone9', 'cpu2;cpu3;cpu24;', 'linux;windows;', 'USA'),
('P69-17', 'P6Zone9', 'cpu2;cpu3;cpu24;', 'linux;windows;', 'USA'),
('P69-18', 'P6Zone9', 'cpu2;cpu3;cpu24;', 'linux;windows;', 'USA'),
('P69-19', 'P6Zone9', 'cpu2;cpu3;cpu24;', 'linux;windows;', 'USA'),
('P69-91', 'P6Zone9', 'cpu2;cpu3;cpu24;', 'linux;windows;', 'USA'),
('P69-910', 'P6Zone9', 'cpu2;cpu3;cpu24;', 'linux;windows;', 'USA'),
('P69-911', 'P6Zone9', 'cpu2;cpu3;cpu24;', 'linux;windows;', 'USA'),
('P69-912', 'P6Zone9', 'cpu2;cpu3;cpu24;', 'linux;windows;', 'USA'),
('P69-913', 'P6Zone9', 'cpu2;cpu3;cpu24;', 'linux;windows;', 'USA'),
('P69-914', 'P6Zone9', 'cpu2;cpu3;cpu24;', 'linux;windows;', 'USA'),
('P69-915', 'P6Zone9', 'cpu2;cpu3;cpu24;', 'linux;windows;', 'USA'),
('P69-916', 'P6Zone9', 'cpu2;cpu3;cpu24;', 'linux;windows;', 'USA'),
('P69-917', 'P6Zone9', 'cpu2;cpu3;cpu24;', 'linux;windows;', 'USA'),
('P69-918', 'P6Zone9', 'cpu2;cpu3;cpu24;', 'linux;windows;', 'USA'),
('P69-919', 'P6Zone9', 'cpu2;cpu3;cpu24;', 'linux;windows;', 'USA'),
('P69-92', 'P6Zone9', 'cpu2;cpu3;cpu24;', 'linux;windows;', 'USA'),
('P69-920', 'P6Zone9', 'cpu2;cpu3;cpu24;', 'linux;windows;', 'USA'),
('P69-921', 'P6Zone9', 'cpu2;cpu3;cpu24;', 'linux;windows;', 'USA'),
('P69-922', 'P6Zone9', 'cpu2;cpu3;cpu24;', 'linux;windows;', 'USA'),
('P69-923', 'P6Zone9', 'cpu2;cpu3;cpu24;', 'linux;windows;', 'USA'),
('P69-924', 'P6Zone9', 'cpu2;cpu3;cpu24;', 'linux;windows;', 'USA'),
('P69-925', 'P6Zone9', 'cpu2;cpu3;cpu24;', 'linux;windows;', 'USA'),
('P69-926', 'P6Zone9', 'cpu2;cpu3;cpu24;', 'linux;windows;', 'USA'),
('P69-927', 'P6Zone9', 'cpu2;cpu3;cpu24;', 'linux;windows;', 'USA'),
('P69-928', 'P6Zone9', 'cpu2;cpu3;cpu24;', 'linux;windows;', 'USA'),
('P69-929', 'P6Zone9', 'cpu2;cpu3;cpu24;', 'linux;windows;', 'USA'),
('P69-93', 'P6Zone9', 'cpu2;cpu3;cpu24;', 'linux;windows;', 'USA'),
('P69-930', 'P6Zone9', 'cpu2;cpu3;cpu24;', 'linux;windows;', 'USA'),
('P69-931', 'P6Zone9', 'cpu2;cpu3;cpu24;', 'linux;windows;', 'USA'),
('P69-94', 'P6Zone9', 'cpu2;cpu3;cpu24;', 'linux;windows;', 'USA'),
('P69-95', 'P6Zone9', 'cpu2;cpu3;cpu24;', 'linux;windows;', 'USA'),
('P69-96', 'P6Zone9', 'cpu2;cpu3;cpu24;', 'linux;windows;', 'USA'),
('P69-97', 'P6Zone9', 'cpu2;cpu3;cpu24;', 'linux;windows;', 'USA'),
('P69-98', 'P6Zone9', 'cpu2;cpu3;cpu24;', 'linux;windows;', 'USA'),
('P69-99', 'P6Zone9', 'cpu2;cpu3;cpu24;', 'linux;windows;', 'USA'),
('SfrNode1_1', 'SfrZone1', 'cpu2;cpu3;cpu24;', 'linux;windows;', 'Asia'),
('SfrNode2_1', 'SfrZone2', 'cpu2;cpu3;cpu24;', 'linux;windows;', 'EU'),
('SfrNode2_2', 'SfrZone2', 'cpu2;cpu3;cpu24;', 'linux;windows;', 'EU'),
('SfrNode3_1', 'SfrZone3', 'cpu2;cpu3;cpu24;', 'linux;windows;', 'EU'),
('SfrNode3_2', 'SfrZone3', 'cpu2;cpu3;cpu24;', 'linux;windows;', 'EU'),
('SfrNode3_3', 'SfrZone3', 'cpu2;cpu3;cpu24;', 'linux;windows;', 'EU');

-- --------------------------------------------------------

--
-- Structure de la table `Pov`
--

CREATE TABLE `Pov` (
  `PrID` varchar(10) NOT NULL,
  `FedID` varchar(10) DEFAULT NULL
) ENGINE=InnoDB DEFAULT CHARSET=utf8;

--
-- Contenu de la table `Pov`
--

INSERT INTO `Pov` (`PrID`, `FedID`) VALUES
('1', '1'),
('2', '1'),
('P6', '1'),
('Amz', '2'),
('OpenStack', '2'),
('Sfr', '2'),
('P1', '3'),
('P2', '3'),
('P3', '3'),
('P4', '3'),
('P5', '3');

-- --------------------------------------------------------

--
-- Structure de la table `UniFlow`
--

CREATE TABLE `UniFlow` (
  `TID` int(11) NOT NULL,
  `Vmi` varchar(10) NOT NULL,
  `Vmj` varchar(10) NOT NULL
) ENGINE=InnoDB DEFAULT CHARSET=utf8;

--
-- Contenu de la table `UniFlow`
--

INSERT INTO `UniFlow` (`TID`, `Vmi`, `Vmj`) VALUES
(1, '1_4', '1_5'),
(2, '1_4', '1_2'),
(3, '1_6', '1_5'),
(4, '2_4', '2_6'),
(5, '2_4', '2_5'),
(16, '3_3', '3_2'),
(17, '3_3', '3_2'),
(48, 'VmC1-7', 'VmC1-11'),
(49, 'VmC1-5', 'VmC1-9'),
(50, 'VmC1-9', 'VmC1-6'),
(51, 'VmC2-9', 'VmC2-100'),
(52, 'VmC2-8', 'VmC2-88'),
(53, 'VmC2-90', 'VmC2-92'),
(54, 'VmC3-30', 'VmC3-1'),
(55, 'VmC3-6', 'VmC3-26'),
(56, 'Vmtest1', 'Vmtest5'),
(57, 'VmC4-44', 'VmC4-55'),
(58, 'VmC4-11', 'VmC4-22'),
(59, 'VmC4-77', 'VmC4-88');

-- --------------------------------------------------------

--
-- Structure de la table `VM`
--

CREATE TABLE `VM` (
  `VmID` varchar(10) NOT NULL,
  `CustID` varchar(10) NOT NULL,
  `CPU` varchar(10) NOT NULL,
  `OS` varchar(20) NOT NULL,
  `Location` varchar(20) NOT NULL,
  `PnID` varchar(10) DEFAULT NULL
) ENGINE=InnoDB DEFAULT CHARSET=utf8;

--
-- Contenu de la table `VM`
--

INSERT INTO `VM` (`VmID`, `CustID`, `CPU`, `OS`, `Location`, `PnID`) VALUES
('1_0', '1', 'cpu2', 'linux', 'EU', '2_2'),
('1_1', '1', 'cpu2', 'linux', 'EU', '2_1'),
('1_2', '1', 'cpu2', 'linux', 'EU', '2_3'),
('1_3', '1', 'cpu2', 'linux', 'EU', '6_3'),
('1_4', '1', 'cpu2', 'linux', 'EU', '2_2'),
('1_5', '1', 'cpu2', 'linux', 'EU', '2_1'),
('1_6', '1', 'cpu2', 'linux', 'EU', '2_2'),
('1_7', '1', 'cpu2', 'linux', 'EU', '5_3'),
('1_8', '1', 'cpu2', 'linux', 'EU', '2_3'),
('2_0', '2', 'cpu2', 'linux', 'EU', '2_3'),
('2_1', '2', 'cpu2', 'linux', 'EU', '2_2'),
('2_2', '2', 'cpu2', 'linux', 'EU', '7_3'),
('2_3', '2', 'cpu2', 'linux', 'EU', '2_1'),
('2_4', '2', 'cpu2', 'linux', 'EU', '2_3'),
('2_5', '2', 'cpu2', 'linux', 'EU', '2_3'),
('2_6', '2', 'cpu2', 'linux', 'EU', '7_1'),
('2_7', '2', 'cpu2', 'linux', 'EU', '6_3'),
('2_8', '2', 'cpu2', 'linux', 'EU', '7_1'),
('3_1', '3', 'cpu2', 'linux', 'EU', '2_3'),
('3_2', '3', 'cpu2', 'linux', 'EU', '3_1'),
('3_3', '3', 'cpu2', 'linux', 'EU', '2_3'),
('3_4', '3', 'cpu2', 'linux', 'EU', '4_1'),
('3_5', '3', 'cpu2', 'linux', 'EU', '5_3'),
('VmC1-11', 'C1', 'cpu24', 'linux', 'USA', 'P1PN2-5'),
('VmC1-2', 'C1', 'cpu3', 'linux', 'USA', 'P2PN1-2'),
('VmC1-3', 'C1', 'cpu2', 'linux', 'USA', 'P2PN1-1'),
('VmC1-4', 'C1', 'cpu2', 'linux', 'Asia', 'P3PN3-4'),
('VmC1-5', 'C1', 'cpu2', 'linux', 'USA', 'P1PN2-3'),
('VmC1-6', 'C1', 'cpu3', 'linux', 'USA', 'P1PN2-5'),
('VmC1-7', 'C1', 'cpu2', 'linux', 'USA', 'P2PN1-2'),
('VmC1-8', 'C1', 'cpu2', 'linux', 'USA', 'P2PN1-1'),
('VmC1-9', 'C1', 'cpu2', 'linux', 'USA', 'P2PN1-1'),
('VmC2-1', 'C2', 'cpu2', 'windows', 'USA', 'P4PN1-23'),
('VmC2-10', 'C2', 'cpu2', 'windows', 'USA', 'P2PN1-1'),
('VmC2-100', 'C2', 'cpu3', 'linux', 'Asia', 'P4PN4-52'),
('VmC2-11', 'C2', 'cpu2', 'windows', 'USA', 'P4PN2-30'),
('VmC2-12', 'C2', 'cpu2', 'windows', 'USA', 'P2PN1-1'),
('VmC2-13', 'C2', 'cpu2', 'windows', 'USA', 'P2PN1-1'),
('VmC2-14', 'C2', 'cpu2', 'windows', 'USA', 'P4PN2-10'),
('VmC2-15', 'C2', 'cpu24', 'windows', 'USA', 'P2PN2-4'),
('VmC2-16', 'C2', 'cpu24', 'windows', 'USA', 'P2PN1-1'),
('VmC2-17', 'C2', 'cpu24', 'windows', 'USA', 'P2PN1-1'),
('VmC2-18', 'C2', 'cpu24', 'windows', 'USA', 'P2PN1-1'),
('VmC2-19', 'C2', 'cpu24', 'windows', 'USA', 'P2PN1-1'),
('VmC2-2', 'C2', 'cpu2', 'windows', 'USA', 'P2PN1-1'),
('VmC2-20', 'C2', 'cpu24', 'windows', 'USA', 'P4PN1-22'),
('VmC2-21', 'C2', 'cpu24', 'windows', 'USA', 'P4PN1-29'),
('VmC2-22', 'C2', 'cpu24', 'windows', 'USA', 'P4PN1-27'),
('VmC2-23', 'C2', 'cpu24', 'windows', 'USA', 'P4PN1-7'),
('VmC2-24', 'C2', 'cpu24', 'windows', 'USA', 'P4PN1-25'),
('VmC2-25', 'C2', 'cpu24', 'windows', 'USA', 'P4PN1-30'),
('VmC2-26', 'C2', 'cpu24', 'windows', 'USA', 'P4PN1-14'),
('VmC2-27', 'C2', 'cpu24', 'windows', 'USA', 'P4PN1-19'),
('VmC2-28', 'C2', 'cpu24', 'windows', 'USA', 'P4PN1-15'),
('VmC2-29', 'C2', 'cpu24', 'windows', 'USA', 'P4PN1-18'),
('VmC2-3', 'C2', 'cpu2', 'windows', 'USA', 'P2PN1-1'),
('VmC2-30', 'C2', 'cpu24', 'windows', 'USA', 'P4PN1-20'),
('VmC2-31', 'C2', 'cpu24', 'windows', 'USA', 'P4PN1-5'),
('VmC2-32', 'C2', 'cpu24', 'windows', 'USA', 'P4PN1-5'),
('VmC2-33', 'C2', 'cpu24', 'windows', 'USA', 'P4PN1-23'),
('VmC2-34', 'C2', 'cpu24', 'windows', 'USA', 'P4PN1-16'),
('VmC2-35', 'C2', 'cpu24', 'windows', 'USA', 'P4PN1-8'),
('VmC2-36', 'C2', 'cpu24', 'windows', 'USA', 'P4PN1-31'),
('VmC2-37', 'C2', 'cpu24', 'windows', 'USA', 'P4PN1-12'),
('VmC2-38', 'C2', 'cpu24', 'windows', 'USA', 'P4PN1-13'),
('VmC2-39', 'C2', 'cpu24', 'windows', 'USA', 'P4PN1-24'),
('VmC2-4', 'C2', 'cpu2', 'windows', 'USA', 'P4PN5-8'),
('VmC2-40', 'C2', 'cpu24', 'windows', 'USA', 'P4PN1-9'),
('VmC2-41', 'C2', 'cpu24', 'windows', 'USA', 'P4PN1-10'),
('VmC2-42', 'C2', 'cpu24', 'windows', 'EU', 'P3PN1-2'),
('VmC2-43', 'C2', 'cpu24', 'windows', 'EU', 'P4PN3-1'),
('VmC2-44', 'C2', 'cpu24', 'windows', 'EU', 'P4PN3-2'),
('VmC2-45', 'C2', 'cpu24', 'windows', 'EU', 'P4PN3-4'),
('VmC2-46', 'C2', 'cpu24', 'windows', 'EU', 'P4PN3-4'),
('VmC2-47', 'C2', 'cpu24', 'windows', 'EU', 'P4PN3-4'),
('VmC2-48', 'C2', 'cpu24', 'windows', 'EU', 'P4PN3-3'),
('VmC2-49', 'C2', 'cpu24', 'windows', 'Asia', 'P4PN4-39'),
('VmC2-5', 'C2', 'cpu2', 'windows', 'USA', 'P4PN1-10'),
('VmC2-50', 'C2', 'cpu24', 'windows', 'Asia', 'P4PN5-39'),
('VmC2-51', 'C2', 'cpu24', 'windows', 'Asia', 'P4PN4-9'),
('VmC2-52', 'C2', 'cpu24', 'windows', 'Asia', 'P4PN4-54'),
('VmC2-53', 'C2', 'cpu24', 'windows', 'Asia', 'P4PN2-2'),
('VmC2-54', 'C2', 'cpu24', 'windows', 'Asia', 'P4PN4-22'),
('VmC2-55', 'C2', 'cpu3', 'linux', 'Asia', 'P4PN4-28'),
('VmC2-56', 'C2', 'cpu24', 'windows', 'Asia', 'P4PN4-25'),
('VmC2-57', 'C2', 'cpu24', 'windows', 'Asia', 'P4PN4-7'),
('VmC2-58', 'C2', 'cpu24', 'windows', 'Asia', 'P4PN4-40'),
('VmC2-59', 'C2', 'cpu24', 'windows', 'Asia', 'P4PN4-52'),
('VmC2-6', 'C2', 'cpu2', 'windows', 'USA', 'P4PN1-10'),
('VmC2-60', 'C2', 'cpu24', 'windows', 'Asia', 'P4PN4-49'),
('VmC2-61', 'C2', 'cpu24', 'windows', 'Asia', 'P3PN3-4'),
('VmC2-62', 'C2', 'cpu24', 'windows', 'USA', 'P2PN1-1'),
('VmC2-63', 'C2', 'cpu24', 'windows', 'USA', 'P4PN2-11'),
('VmC2-64', 'C2', 'cpu24', 'windows', 'USA', 'P2PN1-2'),
('VmC2-65', 'C2', 'cpu24', 'windows', 'USA', 'P4PN1-21'),
('VmC2-66', 'C2', 'cpu24', 'windows', 'USA', 'P4PN1-21'),
('VmC2-67', 'C2', 'cpu24', 'windows', 'USA', 'P4PN1-10'),
('VmC2-68', 'C2', 'cpu24', 'linux', 'USA', 'P4PN1-11'),
('VmC2-69', 'C2', 'cpu3', 'linux', 'USA', 'P4PN1-20'),
('VmC2-7', 'C2', 'cpu2', 'windows', 'USA', 'P3PN4-4'),
('VmC2-70', 'C2', 'cpu3', 'linux', 'USA', 'P4PN2-7'),
('VmC2-71', 'C2', 'cpu3', 'linux', 'USA', 'P2PN1-1'),
('VmC2-72', 'C2', 'cpu3', 'linux', 'USA', 'P2PN1-1'),
('VmC2-73', 'C2', 'cpu3', 'linux', 'USA', 'P2PN1-1'),
('VmC2-74', 'C2', 'cpu3', 'linux', 'USA', 'P2PN1-1'),
('VmC2-75', 'C2', 'cpu3', 'linux', 'USA', 'P4PN2-16'),
('VmC2-76', 'C2', 'cpu3', 'linux', 'USA', 'P2PN1-1'),
('VmC2-77', 'C2', 'cpu3', 'linux', 'USA', 'P2PN1-1'),
('VmC2-78', 'C2', 'cpu3', 'linux', 'USA', 'P2PN1-1'),
('VmC2-79', 'C2', 'cpu3', 'linux', 'USA', 'P4PN2-27'),
('VmC2-8', 'C2', 'cpu2', 'windows', 'USA', 'P4PN1-28'),
('VmC2-80', 'C2', 'cpu3', 'linux', 'USA', 'P4PN2-28'),
('VmC2-81', 'C2', 'cpu3', 'linux', 'USA', 'P2PN1-1'),
('VmC2-82', 'C2', 'cpu3', 'linux', 'USA', 'P2PN1-1'),
('VmC2-83', 'C2', 'cpu3', 'linux', 'USA', 'P2PN1-1'),
('VmC2-84', 'C2', 'cpu3', 'linux', 'USA', 'P2PN1-1'),
('VmC2-85', 'C2', 'cpu3', 'linux', 'USA', 'P2PN1-1'),
('VmC2-86', 'C2', 'cpu3', 'linux', 'USA', 'P2PN1-1'),
('VmC2-87', 'C2', 'cpu3', 'linux', 'USA', 'P2PN1-1'),
('VmC2-88', 'C2', 'cpu3', 'linux', 'USA', 'P4PN2-18'),
('VmC2-89', 'C2', 'cpu3', 'linux', 'USA', 'P2PN1-1'),
('VmC2-9', 'C2', 'cpu2', 'windows', 'USA', 'P3PN4-2'),
('VmC2-90', 'C2', 'cpu3', 'linux', 'USA', 'P4PN2-16'),
('VmC2-91', 'C2', 'cpu3', 'linux', 'USA', 'P2PN1-1'),
('VmC2-92', 'C2', 'cpu3', 'linux', 'USA', 'P4PN1-12'),
('VmC2-93', 'C2', 'cpu3', 'linux', 'USA', 'P2PN1-1'),
('VmC2-94', 'C2', 'cpu3', 'linux', 'USA', 'P2PN1-1'),
('VmC2-95', 'C2', 'cpu3', 'linux', 'USA', 'P2PN1-1'),
('VmC2-96', 'C2', 'cpu3', 'linux', 'USA', 'P2PN1-1'),
('VmC2-97', 'C2', 'cpu3', 'linux', 'USA', 'P2PN1-1'),
('VmC2-98', 'C2', 'cpu3', 'linux', 'Asia', 'P3PN3-4'),
('VmC2-99', 'C2', 'cpu3', 'linux', 'Asia', 'P3PN3-4'),
('VmC3-1', 'C3', 'cpu2', 'linux', 'USA', 'P1PN2-2'),
('VmC3-10', 'C3', 'cpu2', 'linux', 'USA', 'P1PN2-3'),
('VmC3-11', 'C3', 'cpu2', 'linux', 'USA', 'P4PN1-1'),
('VmC3-12', 'C3', 'cpu2', 'linux', 'USA', 'P4PN1-3'),
('VmC3-13', 'C3', 'cpu2', 'linux', 'USA', 'P1PN2-6'),
('VmC3-14', 'C3', 'cpu2', 'linux', 'USA', 'P4PN1-1'),
('VmC3-15', 'C3', 'cpu2', 'linux', 'USA', 'P4PN1-2'),
('VmC3-16', 'C3', 'cpu2', 'linux', 'Asia', 'P3PN3-3'),
('VmC3-17', 'C3', 'cpu2', 'linux', 'Asia', 'P3PN3-3'),
('VmC3-18', 'C3', 'cpu2', 'linux', 'Asia', 'P3PN3-3'),
('VmC3-19', 'C3', 'cpu2', 'linux', 'Asia', 'P3PN3-3'),
('VmC3-2', 'C3', 'cpu2', 'linux', 'USA', 'P2PN2-4'),
('VmC3-20', 'C3', 'cpu2', 'linux', 'Asia', 'P4PN2-2'),
('VmC3-21', 'C3', 'cpu2', 'linux', 'Asia', 'P3PN3-1'),
('VmC3-22', 'C3', 'cpu2', 'linux', 'Asia', 'P3PN3-4'),
('VmC3-23', 'C3', 'cpu2', 'linux', 'Asia', 'P3PN3-2'),
('VmC3-24', 'C3', 'cpu2', 'linux', 'Asia', 'P3PN3-3'),
('VmC3-25', 'C3', 'cpu2', 'linux', 'Asia', 'P3PN3-3'),
('VmC3-26', 'C3', 'cpu2', 'linux', 'Asia', 'P3PN3-3'),
('VmC3-27', 'C3', 'cpu2', 'linux', 'Asia', 'P3PN3-2'),
('VmC3-28', 'C3', 'cpu2', 'linux', 'Asia', 'P3PN3-3'),
('VmC3-29', 'C3', 'cpu2', 'linux', 'Asia', 'P3PN3-3'),
('VmC3-3', 'C3', 'cpu2', 'linux', 'USA', 'P1PN2-1'),
('VmC3-30', 'C3', 'cpu2', 'linux', 'Asia', 'P4PN2-4'),
('VmC3-4', 'C3', 'cpu2', 'linux', 'USA', 'P1PN2-4'),
('VmC3-5', 'C3', 'cpu2', 'linux', 'USA', 'P4PN1-2'),
('VmC3-6', 'C3', 'cpu2', 'linux', 'USA', 'P1PN2-2'),
('VmC3-7', 'C3', 'cpu2', 'linux', 'USA', 'P1PN2-2'),
('VmC3-8', 'C3', 'cpu2', 'linux', 'USA', 'P3PN4-5'),
('VmC3-9', 'C3', 'cpu2', 'linux', 'USA', 'P3PN4-3'),
('VmC4-1', 'C4', 'cpu2', 'windows', 'USA', NULL),
('VmC4-10', 'C4', 'cpu2', 'windows', 'USA', NULL),
('VmC4-100', 'C4', 'cpu3', 'linux', 'Asia', NULL),
('VmC4-11', 'C4', 'cpu2', 'windows', 'USA', NULL),
('VmC4-12', 'C4', 'cpu2', 'windows', 'USA', NULL),
('VmC4-13', 'C4', 'cpu2', 'windows', 'USA', NULL),
('VmC4-14', 'C4', 'cpu2', 'windows', 'USA', NULL),
('VmC4-15', 'C4', 'cpu24', 'windows', 'USA', NULL),
('VmC4-16', 'C4', 'cpu24', 'windows', 'USA', NULL),
('VmC4-17', 'C4', 'cpu24', 'windows', 'USA', NULL),
('VmC4-18', 'C4', 'cpu24', 'windows', 'USA', NULL),
('VmC4-19', 'C4', 'cpu24', 'windows', 'USA', NULL),
('VmC4-2', 'C4', 'cpu2', 'windows', 'USA', NULL),
('VmC4-20', 'C4', 'cpu24', 'windows', 'USA', NULL),
('VmC4-21', 'C4', 'cpu24', 'windows', 'USA', NULL),
('VmC4-22', 'C4', 'cpu24', 'windows', 'USA', NULL),
('VmC4-23', 'C4', 'cpu24', 'windows', 'USA', NULL),
('VmC4-24', 'C4', 'cpu24', 'windows', 'USA', NULL),
('VmC4-25', 'C4', 'cpu24', 'windows', 'USA', NULL),
('VmC4-26', 'C4', 'cpu24', 'windows', 'USA', NULL),
('VmC4-27', 'C4', 'cpu24', 'windows', 'USA', NULL),
('VmC4-28', 'C4', 'cpu24', 'windows', 'USA', NULL),
('VmC4-29', 'C4', 'cpu24', 'windows', 'USA', NULL),
('VmC4-3', 'C4', 'cpu2', 'windows', 'USA', NULL),
('VmC4-30', 'C4', 'cpu24', 'windows', 'USA', NULL),
('VmC4-31', 'C4', 'cpu24', 'windows', 'USA', NULL),
('VmC4-32', 'C4', 'cpu24', 'windows', 'USA', NULL),
('VmC4-33', 'C4', 'cpu24', 'windows', 'USA', NULL),
('VmC4-34', 'C4', 'cpu24', 'windows', 'USA', NULL),
('VmC4-35', 'C4', 'cpu24', 'windows', 'USA', NULL),
('VmC4-36', 'C4', 'cpu24', 'windows', 'USA', NULL),
('VmC4-37', 'C4', 'cpu24', 'windows', 'USA', NULL),
('VmC4-38', 'C4', 'cpu24', 'windows', 'USA', NULL),
('VmC4-39', 'C4', 'cpu24', 'windows', 'USA', NULL),
('VmC4-4', 'C4', 'cpu2', 'windows', 'USA', NULL),
('VmC4-40', 'C4', 'cpu24', 'windows', 'USA', NULL),
('VmC4-41', 'C4', 'cpu24', 'windows', 'USA', NULL),
('VmC4-42', 'C4', 'cpu24', 'windows', 'EU', NULL),
('VmC4-43', 'C4', 'cpu24', 'windows', 'EU', NULL),
('VmC4-44', 'C4', 'cpu24', 'windows', 'EU', NULL),
('VmC4-45', 'C4', 'cpu24', 'windows', 'EU', NULL),
('VmC4-46', 'C4', 'cpu24', 'windows', 'EU', NULL),
('VmC4-47', 'C4', 'cpu24', 'windows', 'EU', NULL),
('VmC4-48', 'C4', 'cpu24', 'windows', 'EU', NULL),
('VmC4-49', 'C4', 'cpu24', 'windows', 'Asia', NULL),
('VmC4-5', 'C4', 'cpu2', 'windows', 'USA', NULL),
('VmC4-50', 'C4', 'cpu24', 'windows', 'Asia', NULL),
('VmC4-51', 'C4', 'cpu24', 'windows', 'Asia', NULL),
('VmC4-52', 'C4', 'cpu24', 'windows', 'Asia', NULL),
('VmC4-53', 'C4', 'cpu24', 'windows', 'Asia', NULL),
('VmC4-54', 'C4', 'cpu24', 'windows', 'Asia', NULL),
('VmC4-55', 'C4', 'cpu3', 'linux', 'Asia', NULL),
('VmC4-56', 'C4', 'cpu24', 'windows', 'Asia', NULL),
('VmC4-57', 'C4', 'cpu24', 'windows', 'Asia', NULL),
('VmC4-58', 'C4', 'cpu24', 'windows', 'Asia', NULL),
('VmC4-59', 'C4', 'cpu24', 'windows', 'Asia', NULL),
('VmC4-6', 'C4', 'cpu2', 'windows', 'USA', NULL),
('VmC4-60', 'C4', 'cpu24', 'windows', 'Asia', NULL),
('VmC4-61', 'C4', 'cpu24', 'windows', 'Asia', NULL),
('VmC4-62', 'C4', 'cpu24', 'windows', 'USA', NULL),
('VmC4-63', 'C4', 'cpu24', 'windows', 'USA', NULL),
('VmC4-64', 'C4', 'cpu24', 'windows', 'USA', NULL),
('VmC4-65', 'C4', 'cpu24', 'windows', 'USA', NULL),
('VmC4-66', 'C4', 'cpu24', 'windows', 'USA', NULL),
('VmC4-67', 'C4', 'cpu24', 'windows', 'USA', NULL),
('VmC4-68', 'C4', 'cpu24', 'linux', 'USA', NULL),
('VmC4-69', 'C4', 'cpu3', 'linux', 'USA', NULL),
('VmC4-7', 'C4', 'cpu2', 'windows', 'USA', NULL),
('VmC4-70', 'C4', 'cpu3', 'linux', 'USA', NULL),
('VmC4-71', 'C4', 'cpu3', 'linux', 'USA', NULL),
('VmC4-72', 'C4', 'cpu3', 'linux', 'USA', NULL),
('VmC4-73', 'C4', 'cpu3', 'linux', 'USA', NULL),
('VmC4-74', 'C4', 'cpu3', 'linux', 'USA', NULL),
('VmC4-75', 'C4', 'cpu3', 'linux', 'USA', NULL),
('VmC4-76', 'C4', 'cpu3', 'linux', 'USA', NULL),
('VmC4-77', 'C4', 'cpu3', 'linux', 'USA', NULL),
('VmC4-78', 'C4', 'cpu3', 'linux', 'USA', NULL),
('VmC4-79', 'C4', 'cpu3', 'linux', 'USA', NULL),
('VmC4-8', 'C4', 'cpu2', 'windows', 'USA', NULL),
('VmC4-80', 'C4', 'cpu3', 'linux', 'USA', NULL),
('VmC4-81', 'C4', 'cpu3', 'linux', 'USA', NULL),
('VmC4-82', 'C4', 'cpu3', 'linux', 'USA', NULL),
('VmC4-83', 'C4', 'cpu3', 'linux', 'USA', NULL),
('VmC4-84', 'C4', 'cpu3', 'linux', 'USA', NULL),
('VmC4-85', 'C4', 'cpu3', 'linux', 'USA', NULL),
('VmC4-86', 'C4', 'cpu3', 'linux', 'USA', NULL),
('VmC4-87', 'C4', 'cpu3', 'linux', 'USA', NULL),
('VmC4-88', 'C4', 'cpu3', 'linux', 'USA', NULL),
('VmC4-89', 'C4', 'cpu3', 'linux', 'USA', NULL),
('VmC4-9', 'C4', 'cpu2', 'windows', 'USA', NULL),
('VmC4-90', 'C4', 'cpu3', 'linux', 'USA', NULL),
('VmC4-91', 'C4', 'cpu3', 'linux', 'USA', NULL),
('VmC4-92', 'C4', 'cpu3', 'linux', 'USA', NULL),
('VmC4-93', 'C4', 'cpu3', 'linux', 'USA', NULL),
('VmC4-94', 'C4', 'cpu3', 'linux', 'USA', NULL),
('VmC4-95', 'C4', 'cpu3', 'linux', 'USA', NULL),
('VmC4-96', 'C4', 'cpu3', 'linux', 'USA', NULL),
('VmC4-97', 'C4', 'cpu3', 'linux', 'USA', NULL),
('VmC4-98', 'C4', 'cpu3', 'linux', 'Asia', NULL),
('VmC4-99', 'C4', 'cpu3', 'linux', 'Asia', NULL),
('vmtest', '1', 'cpu2', 'linux', 'EU', NULL),
('Vmtest1', 'Ctest', 'cpu2', 'linux', 'USA', 'P4PN6-20'),
('Vmtest2', 'Ctest', 'cpu2', 'linux', 'USA', 'P4PN6-24'),
('Vmtest3', 'Ctest', 'cpu2', 'linux', 'USA', 'P4PN6-20'),
('Vmtest4', 'Ctest', 'cpu2', 'linux', 'USA', 'P4PN6-20'),
('Vmtest5', 'Ctest', 'cpu2', 'linux', 'USA', 'P2PN1-2');

--
-- Index pour les tables exportées
--

--
-- Index pour la table `Broker`
--
ALTER TABLE `Broker`
  ADD PRIMARY KEY (`BID`);

--
-- Index pour la table `Clust`
--
ALTER TABLE `Clust`
  ADD PRIMARY KEY (`ClustID`),
  ADD KEY `PrID` (`PrID`);

--
-- Index pour la table `Collaboration`
--
ALTER TABLE `Collaboration`
  ADD PRIMARY KEY (`TID`),
  ADD KEY `Vmi` (`Vmi`),
  ADD KEY `Vmj` (`Vmj`);

--
-- Index pour la table `Concurrence`
--
ALTER TABLE `Concurrence`
  ADD PRIMARY KEY (`TID`),
  ADD KEY `Vmi` (`Vmi`),
  ADD KEY `Vmj` (`Vmj`);

--
-- Index pour la table `CRConflict`
--
ALTER TABLE `CRConflict`
  ADD PRIMARY KEY (`ConfID`),
  ADD KEY `Ci` (`Ci`),
  ADD KEY `Cj` (`Cj`);

--
-- Index pour la table `CRGuard`
--
ALTER TABLE `CRGuard`
  ADD PRIMARY KEY (`GID`),
  ADD KEY `Ci` (`Ci`),
  ADD KEY `Cj` (`Cj`);

--
-- Index pour la table `CRLink`
--
ALTER TABLE `CRLink`
  ADD PRIMARY KEY (`LID`),
  ADD KEY `Ci` (`Ci`),
  ADD KEY `Cj` (`Cj`);

--
-- Index pour la table `Customer`
--
ALTER TABLE `Customer`
  ADD PRIMARY KEY (`CustID`),
  ADD KEY `BID` (`BID`);

--
-- Index pour la table `Federation`
--
ALTER TABLE `Federation`
  ADD PRIMARY KEY (`FID`),
  ADD KEY `BID` (`BID`);

--
-- Index pour la table `Isolation`
--
ALTER TABLE `Isolation`
  ADD PRIMARY KEY (`TID`),
  ADD KEY `VmID` (`VmID`);

--
-- Index pour la table `PhysNode`
--
ALTER TABLE `PhysNode`
  ADD PRIMARY KEY (`PnID`),
  ADD KEY `CID` (`CID`);

--
-- Index pour la table `Pov`
--
ALTER TABLE `Pov`
  ADD PRIMARY KEY (`PrID`),
  ADD KEY `FedID` (`FedID`);

--
-- Index pour la table `UniFlow`
--
ALTER TABLE `UniFlow`
  ADD PRIMARY KEY (`TID`),
  ADD KEY `Vmi` (`Vmi`),
  ADD KEY `Vmj` (`Vmj`);

--
-- Index pour la table `VM`
--
ALTER TABLE `VM`
  ADD PRIMARY KEY (`VmID`),
  ADD KEY `CustID` (`CustID`),
  ADD KEY `PnID` (`PnID`);

--
-- AUTO_INCREMENT pour les tables exportées
--

--
-- AUTO_INCREMENT pour la table `Collaboration`
--
ALTER TABLE `Collaboration`
  MODIFY `TID` int(11) NOT NULL AUTO_INCREMENT, AUTO_INCREMENT=156;
--
-- AUTO_INCREMENT pour la table `Concurrence`
--
ALTER TABLE `Concurrence`
  MODIFY `TID` int(11) NOT NULL AUTO_INCREMENT, AUTO_INCREMENT=57;
--
-- AUTO_INCREMENT pour la table `CRConflict`
--
ALTER TABLE `CRConflict`
  MODIFY `ConfID` int(11) NOT NULL AUTO_INCREMENT, AUTO_INCREMENT=16;
--
-- AUTO_INCREMENT pour la table `CRGuard`
--
ALTER TABLE `CRGuard`
  MODIFY `GID` int(11) NOT NULL AUTO_INCREMENT, AUTO_INCREMENT=45;
--
-- AUTO_INCREMENT pour la table `CRLink`
--
ALTER TABLE `CRLink`
  MODIFY `LID` int(11) NOT NULL AUTO_INCREMENT, AUTO_INCREMENT=33;
--
-- AUTO_INCREMENT pour la table `Isolation`
--
ALTER TABLE `Isolation`
  MODIFY `TID` int(11) NOT NULL AUTO_INCREMENT, AUTO_INCREMENT=67;
--
-- AUTO_INCREMENT pour la table `UniFlow`
--
ALTER TABLE `UniFlow`
  MODIFY `TID` int(11) NOT NULL AUTO_INCREMENT, AUTO_INCREMENT=60;
--
-- Contraintes pour les tables exportées
--

--
-- Contraintes pour la table `Clust`
--
ALTER TABLE `Clust`
  ADD CONSTRAINT `clust_ibfk_1` FOREIGN KEY (`PrID`) REFERENCES `Pov` (`PrID`) ON DELETE CASCADE ON UPDATE CASCADE;

--
-- Contraintes pour la table `Collaboration`
--
ALTER TABLE `Collaboration`
  ADD CONSTRAINT `collaboration_ibfk_1` FOREIGN KEY (`Vmi`) REFERENCES `VM` (`VmID`) ON DELETE CASCADE ON UPDATE CASCADE,
  ADD CONSTRAINT `collaboration_ibfk_2` FOREIGN KEY (`Vmj`) REFERENCES `VM` (`VmID`) ON DELETE CASCADE ON UPDATE CASCADE;

--
-- Contraintes pour la table `Concurrence`
--
ALTER TABLE `Concurrence`
  ADD CONSTRAINT `concurrence_ibfk_1` FOREIGN KEY (`Vmi`) REFERENCES `VM` (`VmID`) ON DELETE CASCADE ON UPDATE CASCADE,
  ADD CONSTRAINT `concurrence_ibfk_2` FOREIGN KEY (`Vmj`) REFERENCES `VM` (`VmID`) ON DELETE CASCADE ON UPDATE CASCADE;

--
-- Contraintes pour la table `CRConflict`
--
ALTER TABLE `CRConflict`
  ADD CONSTRAINT `crconflict_ibfk_1` FOREIGN KEY (`Ci`) REFERENCES `Clust` (`ClustID`) ON DELETE CASCADE ON UPDATE CASCADE,
  ADD CONSTRAINT `crconflict_ibfk_2` FOREIGN KEY (`Cj`) REFERENCES `Clust` (`ClustID`) ON DELETE CASCADE ON UPDATE CASCADE;

--
-- Contraintes pour la table `CRGuard`
--
ALTER TABLE `CRGuard`
  ADD CONSTRAINT `crguard_ibfk_1` FOREIGN KEY (`Ci`) REFERENCES `Clust` (`ClustID`) ON DELETE CASCADE ON UPDATE CASCADE,
  ADD CONSTRAINT `crguard_ibfk_2` FOREIGN KEY (`Cj`) REFERENCES `Clust` (`ClustID`) ON DELETE CASCADE ON UPDATE CASCADE;

--
-- Contraintes pour la table `CRLink`
--
ALTER TABLE `CRLink`
  ADD CONSTRAINT `crlink_ibfk_1` FOREIGN KEY (`Ci`) REFERENCES `Clust` (`ClustID`) ON DELETE CASCADE ON UPDATE CASCADE,
  ADD CONSTRAINT `crlink_ibfk_2` FOREIGN KEY (`Cj`) REFERENCES `Clust` (`ClustID`) ON DELETE CASCADE ON UPDATE CASCADE;

--
-- Contraintes pour la table `Isolation`
--
ALTER TABLE `Isolation`
  ADD CONSTRAINT `isolation_ibfk_1` FOREIGN KEY (`VmID`) REFERENCES `VM` (`VmID`) ON DELETE CASCADE ON UPDATE CASCADE;

--
-- Contraintes pour la table `PhysNode`
--
ALTER TABLE `PhysNode`
  ADD CONSTRAINT `physnode_ibfk_1` FOREIGN KEY (`CID`) REFERENCES `Clust` (`ClustID`) ON DELETE CASCADE ON UPDATE CASCADE;

--
-- Contraintes pour la table `Pov`
--
ALTER TABLE `Pov`
  ADD CONSTRAINT `pov_ibfk_1` FOREIGN KEY (`FedID`) REFERENCES `Federation` (`FID`) ON DELETE CASCADE ON UPDATE CASCADE;

--
-- Contraintes pour la table `UniFlow`
--
ALTER TABLE `UniFlow`
  ADD CONSTRAINT `uniflow_ibfk_1` FOREIGN KEY (`Vmi`) REFERENCES `VM` (`VmID`) ON DELETE CASCADE ON UPDATE CASCADE,
  ADD CONSTRAINT `uniflow_ibfk_2` FOREIGN KEY (`Vmj`) REFERENCES `VM` (`VmID`) ON DELETE CASCADE ON UPDATE CASCADE;

--
-- Contraintes pour la table `VM`
--
ALTER TABLE `VM`
  ADD CONSTRAINT `vm_ibfk_1` FOREIGN KEY (`PnID`) REFERENCES `PhysNode` (`PnID`) ON DELETE CASCADE ON UPDATE CASCADE,
  ADD CONSTRAINT `vm_ibfk_2` FOREIGN KEY (`CustID`) REFERENCES `Customer` (`CustID`) ON DELETE CASCADE ON UPDATE CASCADE;
